row;force;time
0;-1.10;3000
1;-2.03;3010
2;-0.52;3022
3;-1.35;3034
4;-0.19;3046
5;-0.94;3058
6;-0.18;3070
7;-0.85;3082
8;-0.83;3094
9;-1.31;3105
10;-1.01;3117
11;-0.89;3129
12;-0.88;3141
13;-0.57;3153
14;-0.82;3165
15;0.15;3177
16;-1.56;3189
17;-1.18;3201
18;-1.29;3213
19;-0.42;3224
20;-0.47;3236
21;-1.12;3248
22;-1.27;3260
23;-0.35;3272
24;-1.46;3284
25;-0.36;3296
26;-1.21;3308
27;-0.82;3320
28;-0.85;3332
29;-0.76;3344
30;-0.73;3356
31;-0.60;3367
32;0.24;3379
33;-0.62;3391
34;-0.95;3403
35;-1.55;3415
36;-1.08;3427
37;-1.74;3439
38;-0.94;3451
39;-1.20;3463
40;-0.33;3475
41;-0.68;3486
42;-0.77;3498
43;-1.50;3510
44;-1.11;3522
45;-1.63;3534
46;-1.37;3546
47;-1.07;3558
48;-1.32;3570
49;-1.08;3582
50;-1.44;3594
51;-0.91;3605
52;-0.73;3617
53;0.43;3629
54;-1.62;3641
55;-0.36;3653
56;-2.28;3665
57;0.11;3677
58;-0.04;3689
59;-0.64;3701
60;-1.02;3713
61;-0.85;3725
62;-0.47;3736
63;-1.29;3748
64;-1.06;3760
65;-1.67;3772
66;0.00;3784
67;-1.54;3796
68;-0.03;3808
69;-1.26;3820
70;-0.39;3832
71;-1.80;3844
72;-0.66;3855
73;-1.57;3867
74;-0.40;3879
75;-1.26;3891
76;-1.24;3903
77;-1.16;3915
78;-1.28;3927
79;-0.55;3939
80;-1.04;3951
81;-0.36;3963
82;-1.43;3975
83;0.34;3986
84;-0.56;3998
85;-0.13;4010
86;-1.68;4022
87;-1.23;4034
88;-0.75;4046
89;-0.34;4058
90;-1.28;4070
91;-0.77;4082
92;-0.70;4094
93;-1.07;4105
94;-1.19;4117
95;-1.70;4129
96;-0.44;4141
97;-1.49;4153
98;-0.47;4165
99;-0.41;4177
100;-0.07;4189
101;-1.05;4201
102;-0.27;4213
103;-1.46;4225
104;-0.63;4236
105;-1.21;4248
106;-0.40;4260
107;-0.69;4272
108;-0.60;4284
109;-0.86;4296
110;-0.92;4308
111;-1.24;4320
112;-1.66;4332
113;-1.26;4344
114;-1.19;4355
115;-0.56;4367
116;-1.24;4379
117;-0.63;4391
118;-1.21;4403
119;-0.72;4415
120;-1.29;4427
121;-0.39;4439
122;-1.37;4451
123;-0.37;4463
124;-0.65;4475
125;-0.54;4486
126;-0.30;4498
127;-0.39;4510
128;-0.99;4522
129;-1.02;4534
130;-1.16;4546
131;-1.92;4558
132;-1.12;4570
133;-1.36;4582
134;-1.33;4594
135;-1.08;4605
136;-0.88;4617
137;-1.33;4629
138;-1.26;4641
139;-1.32;4653
140;-0.64;4665
141;-1.13;4677
142;-0.48;4689
143;-0.01;4701
144;-0.20;4713
145;-0.60;4725
146;-0.81;4736
147;-0.49;4748
148;-1.69;4760
149;-1.53;4772
150;-1.72;4784
151;-1.17;4796
152;-1.07;4808
153;-0.67;4820
154;-1.62;4832
155;-0.59;4844
156;-1.07;4855
157;-1.25;4867
158;-0.95;4879
159;-0.43;4891
160;-0.82;4903
161;-1.20;4915
162;-1.63;4927
163;-1.33;4939
164;-0.99;4951
165;-0.80;4963
166;-0.50;4975
167;-1.63;4986
168;-0.80;4998
169;-1.02;5010
170;-0.40;5022
171;-1.13;5034
172;-0.57;5046
173;-1.39;5058
174;-1.09;5070
175;-1.26;5082
176;-1.43;5094
177;-1.14;5105
178;-0.81;5117
179;-1.24;5129
180;-0.79;5141
181;-1.13;5153
182;-1.22;5165
183;-1.23;5177
184;-1.78;5189
185;-1.29;5201
186;-1.17;5213
187;-0.64;5225
188;-1.79;5236
189;-1.24;5248
190;-1.84;5260
191;-1.22;5272
192;-1.62;5284
193;-0.84;5296
194;-0.84;5308
195;-0.67;5320
196;-0.69;5332
197;-1.49;5344
198;-1.45;5355
199;-1.16;5367
200;-0.68;5379
201;-1.18;5391
202;-0.55;5403
203;-0.55;5415
204;-0.29;5427
205;-1.59;5439
206;-0.83;5451
207;-1.01;5463
208;-1.18;5475
209;-1.33;5486
210;-0.21;5498
211;-1.12;5510
212;-0.87;5522
213;-1.13;5534
214;-1.53;5546
215;-1.04;5558
216;-1.28;5570
217;-1.36;5582
218;-1.80;5594
219;-1.13;5605
220;-1.53;5617
221;-0.65;5629
222;-1.14;5641
223;-1.07;5653
224;-1.44;5665
225;-1.15;5677
226;-1.66;5689
227;-1.32;5701
228;-1.46;5713
229;-0.95;5725
230;-0.13;5736
231;-0.82;5748
232;-1.44;5760
233;-1.39;5772
234;-1.09;5784
235;-1.33;5796
236;-1.31;5808
237;-0.94;5820
238;0.05;5832
239;-0.77;5844
240;-0.61;5855
241;-0.49;5867
242;-0.72;5879
243;-0.59;5891
244;-0.39;5903
245;-0.91;5915
246;-1.21;5927
247;-0.56;5939
248;-0.94;5951
249;-1.61;5963
250;-1.56;5975
251;-1.34;5986
252;-1.01;5998
253;-0.70;6010
254;-1.27;6022
255;-1.09;6034
256;-1.41;6046
257;-1.55;6058
258;-1.84;6070
259;-2.05;6082
260;-2.29;6094
261;-1.97;6105
262;-1.42;6117
263;-0.95;6129
264;-0.77;6141
265;-1.00;6153
266;-0.99;6165
267;-0.81;6177
268;-1.00;6189
269;-1.71;6201
270;-1.30;6213
271;-0.60;6225
272;-0.54;6236
273;-0.85;6248
274;-1.46;6260
275;-1.40;6272
276;-0.92;6284
277;-1.29;6296
278;-1.30;6308
279;-1.22;6320
280;-0.89;6332
281;-1.11;6344
282;-0.74;6356
283;-1.31;6367
284;-1.44;6379
285;-1.18;6391
286;-1.07;6403
287;-0.94;6415
288;-1.01;6427
289;-1.02;6439
290;-0.76;6451
291;-1.12;6463
292;-1.29;6475
293;-0.84;6486
294;-1.11;6498
295;-1.07;6510
296;-1.43;6522
297;-0.98;6534
298;-0.59;6546
299;-0.52;6558
300;-1.20;6570
301;-0.91;6582
302;-1.29;6594
303;-1.08;6606
304;-1.21;6617
305;-0.79;6629
306;-0.92;6641
307;-0.49;6653
308;-0.90;6665
309;-1.44;6677
310;-1.84;6689
311;-1.59;6701
312;-0.98;6713
313;-1.56;6725
314;-1.29;6736
315;-1.22;6748
316;-0.29;6760
317;-0.95;6772
318;-1.21;6784
319;-1.18;6796
320;-0.89;6808
321;-0.77;6820
322;-0.85;6832
323;-0.85;6844
324;-0.24;6856
325;0.11;6867
326;-0.63;6879
327;-1.54;6891
328;-1.73;6903
329;-1.21;6915
330;-1.86;6927
331;-1.50;6939
332;-1.40;6951
333;-0.63;6963
334;-0.83;6975
335;-0.76;6986
336;-1.11;6998
337;-1.32;7010
338;-1.21;7022
339;-0.85;7034
340;-0.78;7046
341;-0.57;7058
342;-1.23;7070
343;-1.23;7082
344;-1.07;7094
345;-1.72;7106
346;-1.18;7117
347;-1.36;7129
348;-0.62;7141
349;-0.24;7153
350;0.15;7165
351;-1.01;7177
352;-1.05;7189
353;-1.00;7201
354;-1.11;7213
355;-1.31;7225
356;-1.50;7237
357;-1.43;7248
358;-0.87;7260
359;-0.84;7272
360;-1.17;7284
361;-1.23;7296
362;-1.42;7308
363;-1.31;7320
364;-1.39;7332
365;-0.40;7344
366;-1.00;7356
367;-0.81;7367
368;-0.64;7379
369;-0.56;7391
370;-1.34;7403
371;-0.96;7415
372;-0.78;7427
373;-1.19;7439
374;-1.68;7451
375;-0.70;7463
376;-0.04;7475
377;-1.13;7487
378;-1.04;7498
379;-1.07;7510
380;-0.88;7522
381;-1.61;7534
382;-1.52;7546
383;-1.04;7558
384;-0.13;7570
385;0.25;7582
386;-0.81;7594
387;-0.85;7606
388;-1.13;7617
389;-0.91;7629
390;-1.13;7641
391;-1.02;7653
392;-1.01;7665
393;-0.70;7677
394;-0.68;7689
395;-1.08;7701
396;-0.74;7713
397;-0.23;7725
398;0.17;7737
399;1.50;7748
400;3.88;7760
401;9.14;7772
402;18.91;7784
403;37.84;7796
404;89.52;7808
405;329.12;7820
406;751.81;7832
407;385.18;7844
408;403.12;7856
409;417.67;7867
410;454.50;7879
411;499.07;7891
412;534.78;7903
413;603.08;7915
414;631.60;7927
415;671.90;7939
416;746.69;7951
417;789.70;7963
418;829.97;7975
419;878.59;7987
420;922.13;7998
421;958.37;8010
422;1035.36;8022
423;1074.88;8034
424;1147.50;8046
425;1195.35;8058
426;1252.07;8070
427;1322.37;8082
428;1381.44;8094
429;1431.77;8106
430;1478.82;8117
431;1529.68;8129
432;1581.18;8141
433;1645.11;8153
434;1705.33;8165
435;1741.08;8177
436;1781.83;8189
437;1811.10;8201
438;1865.31;8213
439;1904.78;8225
440;1928.71;8237
441;1967.39;8248
442;1975.94;8260
443;2010.43;8272
444;2076.61;8284
445;2145.00;8296
446;2136.15;8308
447;2110.11;8320
448;2120.36;8332
449;2143.97;8344
450;2147.23;8356
451;2112.46;8367
452;1983.19;8379
453;1869.20;8391
454;1739.06;8403
455;1598.28;8415
456;1370.65;8427
457;1133.44;8439
458;877.95;8451
459;739.66;8463
460;593.71;8475
461;481.74;8487
462;377.02;8498
463;297.28;8510
464;228.55;8522
465;171.40;8534
466;133.47;8546
467;104.67;8558
468;76.80;8570
469;57.67;8582
470;40.68;8594
471;30.00;8606
472;21.38;8617
473;16.13;8629
474;8.72;8641
475;9.55;8653
476;3.48;8665
477;3.59;8677
478;2.91;8689
479;0.76;8701
480;2.56;8713
481;2.10;8725
482;-3.23;8737
483;-1.51;8748
484;-4.35;8760
485;-3.80;8772
486;-3.74;8784
487;-4.17;8796
488;-4.26;8808
489;-4.69;8820
490;-4.94;8832
491;-5.77;8844
492;-4.64;8856
493;-6.07;8867
494;-5.62;8879
495;-5.93;8891
496;-6.16;8903
497;-6.15;8915
498;-6.87;8927
499;-7.57;8939
500;-5.75;8951
501;-8.67;8963
502;-7.73;8975
503;-7.63;8987
504;-8.15;8998
505;-8.07;9010
506;-8.13;9022
507;-8.09;9034
508;-8.44;9046
509;-7.93;9058
510;-8.96;9070
511;-8.61;9082
512;-7.80;9094
513;-8.85;9106
514;-8.44;9117
515;-8.43;9129
516;-9.69;9141
517;-8.98;9153
518;-9.74;9165
519;-9.30;9177
520;-9.21;9189
521;-8.43;9201
522;-8.76;9213
523;-8.82;9225
524;-9.91;9237
525;-9.04;9248
526;-9.09;9260
527;-9.34;9272
528;-10.13;9284
529;-9.62;9296
530;-10.44;9308
531;-10.33;9320
532;-10.48;9332
533;-11.32;9344
534;-10.51;9356
535;-10.66;9368
536;-10.24;9379
537;-10.78;9391
538;-9.40;9403
539;-9.59;9415
540;-9.88;9427
541;-10.97;9439
542;-11.68;9451
543;-10.83;9463
544;-9.94;9475
545;-11.00;9487
546;-10.88;9498
547;-11.18;9510
548;-11.08;9522
549;-10.69;9534
550;-10.91;9546
551;-10.68;9558
552;-10.40;9570
553;-11.00;9582
554;-11.99;9594
555;-10.86;9606
556;-11.40;9618
557;-11.70;9629
558;-11.74;9641
559;-11.62;9653
560;-11.85;9665
561;-11.49;9677
562;-12.14;9689
563;-12.09;9701
564;-11.71;9713
565;-11.95;9725
566;-11.33;9737
567;-11.27;9748
568;-11.98;9760
569;-12.17;9772
570;-12.50;9784
571;-12.44;9796
572;-11.71;9808
573;-11.84;9820
574;-11.68;9832
575;-12.17;9844
576;-11.53;9856
577;-12.27;9868
578;-12.61;9879
579;-12.99;9891
580;-12.54;9903
581;-13.43;9915
582;-13.12;9927
583;-12.29;9939
584;-12.79;9951
585;-13.35;9963
586;-13.17;9975
587;-13.56;9987
588;-12.81;9998
589;-13.41;10010
590;-13.41;10022
591;-13.53;10034
592;-13.22;10046
593;-13.17;10058
594;-13.05;10070
595;-13.55;10082
596;-13.97;10094
597;-13.51;10106
598;-13.56;10118
599;-13.52;10129
600;-14.18;10141
601;-14.52;10153
602;-13.87;10165
603;-13.87;10177
604;-13.74;10189
605;-13.68;10201
606;-14.77;10213
607;-14.23;10225
608;-13.89;10237
609;-14.17;10248
610;-14.01;10260
611;-14.03;10272
612;-14.60;10284
613;-14.11;10296
614;-14.90;10308
615;-15.58;10320
616;-14.72;10332
617;-14.90;10344
618;-14.76;10356
619;-14.74;10368
620;-14.19;10379
621;-13.67;10391
622;-14.13;10403
623;-15.55;10415
624;-15.28;10427
625;-14.11;10439
626;-13.59;10451
627;-14.65;10463
628;-14.72;10475
629;-15.32;10487
630;-14.74;10498
631;-14.84;10510
632;-14.60;10522
633;-14.32;10534
634;-14.33;10546
635;-15.07;10558
636;-15.74;10570
637;-15.12;10582
638;-14.64;10594
639;-15.07;10606
640;-15.12;10618
641;-15.73;10629
642;-15.09;10641
643;-14.49;10653
644;-15.66;10665
645;-15.06;10677
646;-15.54;10689
647;-14.61;10701
648;-14.94;10713
649;-14.96;10725
650;-15.29;10737
651;-15.04;10748
652;-15.18;10760
653;-16.12;10772
654;-15.82;10784
655;-15.59;10796
656;-15.34;10808
657;-14.77;10820
658;-15.96;10832
659;-15.16;10844
660;-14.61;10856
661;-14.95;10868
662;-15.62;10879
663;-15.73;10891
664;-15.12;10903
665;-15.55;10915
666;-15.64;10927
667;-16.53;10939
668;-15.17;10951
669;-14.49;10963
670;-15.68;10975
671;-15.82;10987
672;-16.32;10998
673;-15.85;11010
674;-16.06;11022
675;-16.34;11034
676;-16.24;11046
677;-16.65;11058
678;-14.80;11070
679;-14.90;11082
680;-14.16;11094
681;-14.14;11106
682;-13.43;11118
683;-12.70;11129
684;-12.10;11141
685;-11.02;11153
686;-10.19;11165
687;-9.33;11177
688;-7.77;11189
689;-7.21;11201
690;-7.72;11213
691;-6.52;11225
692;-5.72;11237
693;-4.97;11248
694;-4.57;11260
695;-3.43;11272
696;-3.28;11284
697;-1.97;11296
698;-0.48;11308
699;1.28;11320
700;1.39;11332
701;2.15;11344
702;2.71;11356
703;3.69;11368
704;5.20;11379
705;8.53;11391
706;9.29;11403
707;8.62;11415
708;9.45;11427
709;8.05;11439
710;8.77;11451
711;8.94;11463
712;8.95;11475
713;9.08;11487
714;9.98;11498
715;10.65;11510
716;10.85;11522
717;10.18;11534
718;10.08;11546
719;4.00;11558
720;-3.00;11570
721;-9.08;11582
722;-11.80;11594
723;-13.09;11606
724;-12.73;11617
725;-14.59;11629
726;-16.64;11641
727;-17.83;11653
728;-21.02;11665
729;-22.38;11677
730;-23.95;11689
731;-25.04;11701
732;-25.98;11713
733;-26.21;11725
734;-26.53;11737
735;-26.23;11748
736;-26.61;11760
737;-25.93;11772
738;-26.17;11784
739;-26.75;11796
740;-27.55;11808
741;-26.75;11820
742;-27.20;11832
743;-26.73;11844
744;-26.97;11856
745;-26.90;11867
746;-26.85;11879
747;-26.87;11891
748;-27.02;11903
749;-27.74;11915
750;-27.29;11927
751;-26.79;11939
752;-26.47;11951
753;-26.56;11963
754;-26.06;11975
755;-26.36;11987
756;-26.77;11998
757;-27.21;12010
758;-26.74;12022
759;-26.89;12034
760;-26.32;12046
761;-27.29;12058
762;-27.31;12070
763;-27.05;12082
764;-26.71;12094
765;-26.74;12106
766;-26.81;12117
767;-26.97;12129
768;-27.10;12141
769;-26.44;12153
770;-26.51;12165
771;-26.11;12177
772;-25.83;12189
773;-26.36;12201
774;-26.82;12213
775;-27.39;12225
776;-27.35;12237
777;-26.43;12248
778;-26.86;12260
779;-26.51;12272
780;-26.17;12284
781;-26.45;12296
782;-27.58;12308
783;-26.77;12320
784;-26.98;12332
785;-26.69;12344
786;-26.87;12356
787;-26.80;12367
788;-27.30;12379
789;-26.27;12391
790;-26.98;12403
791;-27.08;12415
792;-26.66;12427
793;-26.63;12439
794;-27.09;12451
795;-27.16;12463
796;-27.14;12475
797;-26.93;12487
798;-26.77;12498
799;-27.60;12510
800;-26.64;12522
801;-26.81;12534
802;-27.20;12546
803;-27.34;12558
804;-26.67;12570
805;-27.36;12582
806;-26.93;12594
807;-27.32;12606
808;-26.83;12617
809;-26.75;12629
810;-26.73;12641
811;-27.31;12653
812;-26.42;12665
813;-26.84;12677
814;-26.74;12689
815;-26.01;12701
816;-26.67;12713
817;-26.84;12725
818;-27.05;12737
819;-26.59;12748
820;-26.35;12760
821;-26.60;12772
822;-27.41;12784
823;-26.41;12796
824;-26.63;12808
825;-26.95;12820
826;-27.14;12832
827;-26.73;12844
828;-26.93;12856
829;-26.57;12868
830;-26.58;12879
831;-26.46;12891
832;-26.23;12903
833;-26.21;12915
834;-27.08;12927
835;-26.59;12939
836;-26.31;12951
837;-26.67;12963
838;-27.27;12975
839;-27.33;12987
840;-26.79;12998
841;-26.76;13010
842;-26.65;13022
843;-26.74;13034
844;-26.73;13046
845;-26.93;13058
846;-27.48;13070
847;-27.34;13082
848;-26.92;13094
849;-26.88;13106
850;-26.55;13118
851;-26.79;13129
852;-26.77;13141
853;-26.46;13153
854;-26.93;13165
855;-27.51;13177
856;-27.33;13189
857;-27.19;13201
858;-27.20;13213
859;-27.83;13225
860;-27.67;13237
861;-26.85;13248
862;-26.03;13260
863;-26.21;13272
864;-26.53;13284
865;-26.46;13296
866;-26.64;13308
867;-27.22;13320
868;-27.33;13332
869;-26.68;13344
870;-26.66;13356
871;-26.59;13368
872;-26.91;13379
873;-26.93;13391
874;-27.21;13403
875;-26.30;13415
876;-26.52;13427
877;-26.76;13439
878;-26.58;13451
879;-26.72;13463
880;-27.27;13475
881;-27.45;13487
882;-27.10;13498
883;-26.37;13510
884;-26.69;13522
885;-26.88;13534
886;-27.16;13546
887;-26.87;13558
888;-26.91;13570
889;-26.96;13582
890;-27.09;13594
891;-26.99;13606
892;-26.52;13618
893;-26.63;13629
894;-27.19;13641
895;-27.13;13653
896;-27.30;13665
897;-27.65;13677
898;-26.95;13689
899;-27.29;13701
900;-26.88;13713
901;-26.42;13725
902;-26.67;13737
903;-26.82;13749
904;-26.70;13760
905;-26.40;13772
906;-26.88;13784
907;-27.30;13796
908;-26.98;13808
909;-26.84;13820
910;-27.04;13832
911;-26.88;13844
912;-26.96;13856
913;-27.02;13868
914;-26.88;13879
915;-26.76;13891
916;-26.81;13903
917;-26.09;13915
918;-26.49;13927
919;-27.34;13939
920;-27.20;13951
921;-27.04;13963
922;-27.35;13975
923;-26.96;13987
924;-26.93;13999
925;-26.86;14010
926;-26.96;14022
927;-26.83;14034
928;-27.01;14046
929;-26.78;14058
930;-27.33;14070
931;-27.63;14082
932;-27.61;14094
933;-26.95;14106
934;-26.42;14118
935;-26.09;14129
936;-25.95;14141
937;-26.69;14153
938;-26.72;14165
939;-26.57;14177
940;-26.57;14189
941;-27.13;14201
942;-26.95;14213
943;-27.19;14225
944;-26.86;14237
945;-27.29;14249
946;-27.01;14260
947;-27.21;14272
948;-27.14;14284
949;-26.99;14296
950;-26.68;14308
951;-26.80;14320
952;-26.76;14332
953;-26.32;14344
954;-27.21;14356
955;-27.39;14368
956;-26.31;14379
957;-26.17;14391
958;-26.99;14403
959;-27.15;14415
960;-27.21;14427
961;-27.32;14439
962;-27.81;14451
963;-27.37;14463
964;-26.65;14475
965;-27.02;14487
966;-27.30;14499
967;-27.07;14510
968;-27.19;14522
969;-26.86;14534
970;-27.20;14546
971;-27.80;14558
972;-27.08;14570
973;-27.15;14582
974;-27.81;14594
975;-27.49;14606
976;-27.40;14618
977;-27.46;14629
978;-26.78;14641
979;-26.56;14653
980;-27.31;14665
981;-27.42;14677
982;-27.26;14689
983;-26.74;14701
984;-26.76;14713
985;-27.15;14725
986;-26.52;14737
987;-25.92;14749
988;-26.43;14760
989;-26.46;14772
990;-26.63;14784
991;-26.74;14796
992;-26.70;14808
993;-27.00;14820
994;-27.57;14832
995;-27.29;14844
996;-26.68;14856
997;-26.51;14868
998;-26.96;14880
999;-27.05;14891
1000;-26.63;14903
1001;-26.73;14915
1002;-27.23;14927
1003;-26.95;14939
1004;-26.14;14951
1005;-26.11;14963
1006;-27.09;14975
1007;-27.01;14987
1008;-26.67;14999
1009;-26.44;15010
1010;-26.27;15022
1011;-26.62;15034
1012;-26.68;15046
1013;-26.51;15058
1014;-26.58;15070
1015;-26.38;15082
1016;-27.34;15094
1017;-27.33;15106
1018;-27.12;15118
1019;-27.24;15130
1020;-26.92;15141
1021;-26.62;15153
1022;-27.17;15165
1023;-27.01;15177
1024;-27.27;15189
1025;-27.22;15201
1026;-27.36;15213
1027;-27.10;15225
1028;-26.84;15237
1029;-26.87;15249
1030;-27.09;15260
1031;-27.32;15272
1032;-26.70;15284
1033;-26.86;15296
1034;-26.74;15308
1035;-26.34;15320
1036;-26.70;15332
1037;-26.76;15344
1038;-26.51;15356
1039;-27.12;15368
1040;-26.96;15380
1041;-26.91;15391
1042;-26.93;15403
1043;-27.25;15415
1044;-27.23;15427
1045;-26.75;15439
1046;-26.09;15451
1047;-25.50;15463
1048;-25.94;15475
1049;-26.54;15487
1050;-26.99;15499
1051;-27.32;15510
1052;-27.27;15522
1053;-27.27;15534
1054;-27.12;15546
1055;-27.06;15558
1056;-27.31;15570
1057;-27.17;15582
1058;-27.15;15594
1059;-26.98;15606
1060;-27.32;15618
1061;-26.98;15630
1062;-26.75;15641
1063;-26.36;15653
1064;-26.35;15665
1065;-26.06;15677
1066;-26.38;15689
1067;-27.63;15701
1068;-27.24;15713
1069;-27.15;15725
1070;-26.76;15737
1071;-26.35;15749
1072;-26.62;15761
1073;-26.22;15772
1074;-26.26;15784
1075;-24.18;15796
1076;-24.14;15808
1077;-26.79;15820
1078;-27.44;15832
1079;-27.27;15844
1080;-26.80;15856
1081;-26.04;15868
1082;-26.79;15880
1083;-27.31;15891
1084;-26.44;15903
1085;-26.29;15915
1086;-26.98;15927
1087;-27.04;15939
1088;-26.39;15951
1089;-26.08;15963
1090;-25.84;15975
1091;-26.94;15987
1092;-27.38;15999
1093;-26.83;16011
1094;-26.50;16022
1095;-26.78;16034
1096;-26.31;16046
1097;-26.75;16058
1098;-26.56;16070
1099;-26.30;16082
1100;-26.91;16094
1101;-26.69;16106
1102;-26.01;16118
1103;-26.35;16130
1104;-26.77;16141
1105;-26.96;16153
1106;-26.67;16165
1107;-26.12;16177
1108;-26.74;16189
1109;-26.57;16201
1110;-26.44;16213
1111;-26.67;16225
1112;-26.93;16237
1113;-26.86;16249
1114;-26.93;16261
1115;-26.52;16272
1116;-26.14;16284
1117;-26.53;16296
1118;-26.78;16308
1119;-26.09;16320
1120;-26.01;16332
1121;-26.36;16344
1122;-26.32;16356
1123;-26.04;16368
1124;-26.01;16380
1125;-26.30;16391
1126;-27.09;16403
1127;-26.65;16415
1128;-26.18;16427
1129;-26.97;16439
1130;-26.89;16451
1131;-26.62;16463
1132;-26.62;16475
1133;-25.88;16487
1134;-26.31;16499
1135;-26.59;16511
1136;-26.13;16522
1137;-26.36;16534
1138;-26.10;16546
1139;-26.15;16558
1140;-27.02;16570
1141;-26.65;16582
1142;-26.46;16594
1143;-26.87;16606
1144;-26.78;16618
1145;-26.76;16630
1146;-26.60;16641
1147;-26.01;16653
1148;-26.17;16665
1149;-25.57;16677
1150;-25.92;16689
1151;-26.56;16701
1152;-26.75;16713
1153;-27.11;16725
1154;-26.31;16737
1155;-25.51;16749
1156;-26.74;16761
1157;-26.75;16772
1158;-26.41;16784
1159;-26.46;16796
1160;-26.74;16808
1161;-27.18;16820
1162;-27.46;16832
1163;-27.51;16844
1164;-27.25;16856
1165;-26.91;16868
1166;-26.38;16880
1167;-26.43;16891
1168;-26.53;16903
1169;-26.64;16915
1170;-26.29;16927
1171;-25.86;16939
1172;-25.99;16951
1173;-27.01;16963
1174;-26.88;16975
1175;-26.28;16987
1176;-25.48;16999
1177;-26.22;17011
1178;-25.41;17022
1179;-25.04;17034
1180;-24.99;17046
1181;-26.15;17058
1182;-26.12;17070
1183;-25.93;17082
1184;-26.31;17094
1185;-26.64;17106
1186;-26.32;17118
1187;-26.47;17130
1188;-26.17;17141
1189;-25.87;17153
1190;-26.11;17165
1191;-26.84;17177
1192;-26.55;17189
1193;-25.63;17201
1194;-26.15;17213
1195;-26.72;17225
1196;-26.15;17237
1197;-26.00;17249
1198;-26.24;17261
1199;-25.63;17272
1200;-25.49;17284
1201;-25.80;17296
1202;-25.50;17308
1203;-25.59;17320
1204;-25.96;17332
1205;-26.30;17344
1206;-26.01;17356
1207;-26.01;17368
1208;-26.26;17380
1209;-26.03;17391
1210;-25.69;17403
1211;-25.63;17415
1212;-26.23;17427
1213;-25.58;17439
1214;-25.59;17451
1215;-26.38;17463
1216;-26.08;17475
1217;-26.20;17487
1218;-26.27;17499
1219;-26.00;17511
1220;-26.22;17522
1221;-26.07;17534
1222;-25.89;17546
1223;-26.01;17558
1224;-26.05;17570
1225;-25.41;17582
1226;-25.79;17594
1227;-26.14;17606
1228;-26.15;17618
1229;-26.07;17630
1230;-25.81;17641
1231;-26.29;17653
1232;-26.49;17665
1233;-26.25;17677
1234;-26.10;17689
1235;-26.06;17701
1236;-25.47;17713
1237;-25.57;17725
1238;-26.15;17737
1239;-26.16;17749
1240;-25.98;17761
1241;-26.25;17772
1242;-25.84;17784
1243;-25.85;17796
1244;-25.42;17808
1245;-25.60;17820
1246;-25.78;17832
1247;-26.48;17844
1248;-26.67;17856
1249;-26.31;17868
1250;-25.95;17880
1251;-25.95;17891
1252;-25.71;17903
1253;-25.57;17915
1254;-25.33;17927
1255;-25.72;17939
1256;-25.64;17951
1257;-25.86;17963
1258;-25.70;17975
1259;-25.17;17987
1260;-25.44;17999
1261;-25.47;18011
1262;-25.32;18022
1263;-25.86;18034
1264;-25.53;18046
1265;-25.71;18058
1266;-25.56;18070
1267;-25.36;18082
1268;-25.90;18094
1269;-25.72;18106
1270;-25.71;18118
1271;-25.15;18130
1272;-24.89;18141
1273;-25.15;18153
1274;-25.92;18165
1275;-25.78;18177
1276;-25.39;18189
1277;-26.08;18201
1278;-25.74;18213
1279;-25.09;18225
1280;-25.47;18237
1281;-25.34;18249
1282;-25.58;18261
1283;-25.83;18272
1284;-25.49;18284
1285;-25.55;18296
1286;-25.75;18308
1287;-25.34;18320
1288;-25.73;18332
1289;-25.45;18344
1290;-25.42;18356
1291;-25.77;18368
1292;-25.40;18380
1293;-25.39;18391
1294;-25.44;18403
1295;-25.27;18415
1296;-24.93;18427
1297;-25.52;18439
1298;-25.74;18451
1299;-24.80;18463
1300;-25.09;18475
1301;-25.36;18487
1302;-25.38;18499
1303;-25.38;18511
1304;-25.53;18522
1305;-25.40;18534
1306;-25.32;18546
1307;-25.21;18558
1308;-24.97;18570
1309;-25.32;18582
1310;-25.05;18594
1311;-24.63;18606
1312;-24.54;18618
1313;-24.39;18630
1314;-24.47;18642
1315;-25.36;18653
1316;-25.10;18665
1317;-24.91;18677
1318;-24.99;18689
1319;-25.34;18701
1320;-25.03;18713
1321;-24.76;18725
1322;-24.47;18737
1323;-25.61;18749
1324;-25.75;18761
1325;-25.42;18772
1326;-25.56;18784
1327;-25.06;18796
1328;-24.79;18808
1329;-25.23;18820
1330;-25.02;18832
1331;-24.16;18844
1332;-24.51;18856
1333;-24.67;18868
1334;-24.48;18880
1335;-24.85;18892
1336;-25.34;18903
1337;-24.94;18915
1338;-24.63;18927
1339;-24.53;18939
1340;-23.96;18951
1341;-24.84;18963
1342;-24.99;18975
1343;-25.07;18987
1344;-25.02;18999
1345;-24.78;19011
1346;-25.00;19022
1347;-24.82;19034
1348;-25.39;19046
1349;-25.21;19058
1350;-24.83;19070
1351;-25.31;19082
1352;-25.11;19094
1353;-24.68;19106
1354;-24.58;19118
1355;-24.76;19130
1356;-24.56;19142
1357;-24.72;19153
1358;-25.31;19165
1359;-24.82;19177
1360;-25.28;19189
1361;-25.66;19201
1362;-25.02;19213
1363;-24.98;19225
1364;-24.57;19237
1365;-24.28;19249
1366;-24.89;19261
1367;-24.89;19272
1368;-24.49;19284
1369;-24.63;19296
1370;-24.37;19308
1371;-24.19;19320
1372;-24.71;19332
1373;-24.08;19344
1374;-24.32;19356
1375;-24.83;19368
1376;-25.07;19380
1377;-25.06;19392
1378;-24.05;19403
1379;-24.13;19415
1380;-24.96;19427
1381;-24.28;19439
1382;-23.92;19451
1383;-23.73;19463
1384;-24.22;19475
1385;-23.86;19487
1386;-24.29;19499
1387;-24.40;19511
1388;-24.82;19522
1389;-24.79;19534
1390;-24.34;19546
1391;-24.38;19558
1392;-24.22;19570
1393;-24.50;19582
1394;-24.90;19594
1395;-24.52;19606
1396;-24.39;19618
1397;-24.20;19630
1398;-24.21;19641
1399;-24.71;19653
1400;-24.32;19665
1401;-24.41;19677
1402;-25.15;19689
1403;-24.99;19701
1404;-24.50;19713
1405;-24.51;19725
1406;-23.55;19737
1407;-23.75;19749
1408;-23.78;19761
1409;-24.25;19772
1410;-23.89;19784
1411;-23.85;19796
1412;-24.01;19808
1413;-23.87;19820
1414;-24.11;19832
1415;-24.41;19844
1416;-23.91;19856
1417;-23.28;19868
1418;-23.68;19880
1419;-24.02;19891
1420;-24.69;19903
1421;-24.57;19915
1422;-24.35;19927
1423;-24.17;19939
1424;-24.29;19951
1425;-23.37;19963
1426;-23.46;19975
1427;-23.94;19987
1428;-24.34;19999
1429;-24.23;20011
1430;-23.87;20022
1431;-23.25;20034
1432;-23.84;20046
1433;-24.29;20058
1434;-23.39;20070
1435;-23.36;20082
1436;-23.91;20094
1437;-24.23;20106
1438;-23.71;20118
1439;-23.97;20130
1440;-23.68;20141
1441;-23.90;20153
1442;-23.69;20165
1443;-23.44;20177
1444;-23.86;20189
1445;-23.88;20201
1446;-23.45;20213
1447;-23.70;20225
1448;-23.94;20237
1449;-23.86;20249
1450;-23.36;20261
1451;-23.09;20272
1452;-23.48;20284
1453;-23.71;20296
1454;-23.55;20308
1455;-23.31;20320
1456;-23.75;20332
1457;-23.61;20344
1458;-23.47;20356
1459;-23.26;20368
1460;-23.75;20380
1461;-24.25;20391
1462;-23.67;20403
1463;-23.23;20415
1464;-22.69;20427
1465;-22.94;20439
1466;-24.17;20451
1467;-23.78;20463
1468;-23.04;20475
1469;-23.43;20487
1470;-23.96;20499
1471;-23.60;20511
1472;-23.84;20522
1473;-23.77;20534
1474;-24.05;20546
1475;-24.00;20558
1476;-23.59;20570
1477;-23.04;20582
1478;-23.16;20594
1479;-23.25;20606
1480;-23.12;20618
1481;-23.40;20630
1482;-23.42;20641
1483;-23.29;20653
1484;-23.68;20665
1485;-23.77;20677
1486;-23.63;20689
1487;-23.97;20701
1488;-23.44;20713
1489;-23.67;20725
1490;-23.62;20737
1491;-24.14;20749
1492;-24.01;20760
1493;-24.04;20772
1494;-23.50;20784
1495;-23.97;20796
1496;-23.96;20808
1497;-23.72;20820
1498;-23.42;20832
1499;-23.27;20844
1500;-23.19;20856
1501;-23.47;20868
1502;-23.47;20880
1503;-22.42;20891
1504;-22.59;20903
1505;-23.11;20915
1506;-23.48;20927
1507;-23.34;20939
1508;-22.86;20951
1509;-22.87;20963
1510;-22.90;20975
1511;-23.24;20987
1512;-22.68;20999
1513;-23.09;21010
1514;-24.21;21022
1515;-23.98;21034
1516;-23.24;21046
1517;-22.90;21058
1518;-22.84;21070
1519;-22.89;21082
1520;-22.67;21094
1521;-23.33;21106
1522;-23.39;21118
1523;-22.98;21130
1524;-23.26;21141
1525;-23.52;21153
1526;-23.60;21165
1527;-23.03;21177
1528;-22.80;21189
1529;-22.69;21201
1530;-22.49;21213
1531;-21.77;21225
1532;-20.21;21237
1533;-21.82;21249
1534;-22.67;21260
1535;-22.54;21272
1536;-22.71;21284
1537;-22.16;21296
1538;-22.53;21308
1539;-23.33;21320
1540;-23.07;21332
1541;-23.29;21344
1542;-23.87;21356
1543;-23.60;21368
1544;-23.14;21380
1545;-22.49;21391
1546;-22.71;21403
1547;-23.47;21415
1548;-22.94;21427
1549;-23.61;21439
1550;-23.30;21451
1551;-23.03;21463
1552;-22.77;21475
1553;-22.84;21487
1554;-23.09;21499
1555;-23.34;21510
1556;-22.63;21522
1557;-22.71;21534
1558;-22.55;21546
1559;-22.33;21558
1560;-22.32;21570
1561;-22.36;21582
1562;-22.19;21594
1563;-21.99;21606
1564;-22.30;21618
1565;-22.40;21630
1566;-22.31;21641
1567;-22.77;21653
1568;-22.81;21665
1569;-22.71;21677
1570;-22.96;21689
1571;-22.58;21701
1572;-22.26;21713
1573;-22.86;21725
1574;-23.13;21737
1575;-22.90;21749
1576;-22.75;21760
1577;-22.14;21772
1578;-22.12;21784
1579;-22.33;21796
1580;-22.02;21808
1581;-22.25;21820
1582;-22.88;21832
1583;-23.00;21844
1584;-22.74;21856
1585;-22.52;21868
1586;-22.60;21880
1587;-22.23;21891
1588;-22.24;21903
1589;-22.47;21915
1590;-22.35;21927
1591;-21.94;21939
1592;-22.68;21951
1593;-22.96;21963
1594;-22.12;21975
1595;-22.04;21987
1596;-22.55;21999
1597;-22.26;22010
1598;-22.60;22022
1599;-22.83;22034
1600;-22.81;22046
1601;-23.39;22058
1602;-23.92;22070
1603;-22.71;22082
1604;-21.75;22094
1605;-21.40;22106
1606;-20.86;22118
1607;-22.15;22130
1608;-22.61;22141
1609;-22.08;22153
1610;-21.66;22165
1611;-21.93;22177
1612;-22.71;22189
1613;-22.52;22201
1614;-21.82;22213
1615;-21.37;22225
1616;-22.01;22237
1617;-22.65;22249
1618;-22.80;22260
1619;-22.28;22272
1620;-21.92;22284
1621;-22.41;22296
1622;-22.29;22308
1623;-22.26;22320
1624;-21.85;22332
1625;-22.18;22344
1626;-22.58;22356
1627;-23.10;22368
1628;-23.04;22380
1629;-22.42;22391
1630;-22.76;22403
1631;-22.52;22415
1632;-21.85;22427
1633;-22.38;22439
1634;-22.42;22451
1635;-22.31;22463
1636;-22.04;22475
1637;-22.20;22487
1638;-22.29;22499
1639;-22.38;22510
1640;-21.51;22522
1641;-21.55;22534
1642;-22.01;22546
1643;-22.04;22558
1644;-22.34;22570
1645;-22.87;22582
1646;-22.63;22594
1647;-22.36;22606
1648;-22.22;22618
1649;-21.75;22630
1650;-21.38;22641
1651;-21.10;22653
1652;-21.43;22665
1653;-22.07;22677
1654;-22.48;22689
1655;-22.18;22701
1656;-21.49;22713
1657;-22.32;22725
1658;-22.26;22737
1659;-22.04;22749
1660;-21.71;22760
1661;-22.21;22772
1662;-21.80;22784
1663;-21.77;22796
1664;-21.84;22808
1665;-22.65;22820
1666;-22.13;22832
1667;-21.72;22844
1668;-21.90;22856
1669;-22.21;22868
1670;-21.88;22880
1671;-21.68;22891
1672;-22.30;22903
1673;-22.45;22915
1674;-22.02;22927
1675;-21.35;22939
1676;-22.08;22951
1677;-22.34;22963
1678;-22.23;22975
1679;-21.37;22987
1680;-21.77;22999
1681;-21.81;23010
1682;-22.35;23022
1683;-21.61;23034
1684;-21.50;23046
1685;-21.30;23058
1686;-20.91;23070
1687;-21.16;23082
1688;-21.34;23094
1689;-21.45;23106
1690;-21.77;23118
1691;-21.40;23130
1692;-21.29;23141
1693;-21.66;23153
1694;-22.27;23165
1695;-22.30;23177
1696;-21.41;23189
1697;-21.13;23201
1698;-21.07;23213
1699;-21.04;23225
1700;-20.43;23237
1701;-20.89;23249
1702;-21.30;23261
1703;-21.93;23272
1704;-21.59;23284
1705;-21.79;23296
1706;-21.91;23308
1707;-21.60;23320
1708;-21.32;23332
1709;-21.25;23344
1710;-21.62;23356
1711;-21.58;23368
1712;-21.37;23380
1713;-21.87;23391
1714;-22.13;23403
1715;-21.52;23415
1716;-22.00;23427
1717;-21.82;23439
1718;-21.15;23451
1719;-21.64;23463
1720;-21.42;23475
1721;-21.36;23487
1722;-21.55;23499
1723;-21.22;23511
1724;-21.34;23522
1725;-21.67;23534
1726;-21.27;23546
1727;-21.06;23558
1728;-21.55;23570
1729;-20.99;23582
1730;-21.23;23594
1731;-21.72;23606
1732;-21.92;23618
1733;-21.47;23630
1734;-20.82;23641
1735;-21.02;23653
1736;-22.22;23665
1737;-21.42;23677
1738;-21.05;23689
1739;-21.50;23701
1740;-21.79;23713
1741;-21.63;23725
1742;-21.64;23737
1743;-21.24;23749
1744;-20.70;23761
1745;-21.60;23772
1746;-21.75;23784
1747;-21.79;23796
1748;-21.33;23808
1749;-20.61;23820
1750;-20.93;23832
1751;-21.05;23844
1752;-20.68;23856
1753;-21.26;23868
1754;-21.91;23880
1755;-21.42;23891
1756;-21.07;23903
1757;-21.18;23915
1758;-21.74;23927
1759;-21.56;23939
1760;-20.60;23951
1761;-20.53;23963
1762;-20.94;23975
1763;-21.58;23987
1764;-21.10;23999
1765;-20.94;24011
1766;-21.67;24022
1767;-21.69;24034
1768;-21.34;24046
1769;-20.70;24058
1770;-20.53;24070
1771;-20.92;24082
1772;-20.95;24094
1773;-21.17;24106
1774;-21.20;24118
1775;-20.86;24130
1776;-20.52;24141
1777;-20.39;24153
1778;-20.20;24165
1779;-19.91;24177
1780;-19.90;24189
1781;-20.48;24201
1782;-20.98;24213
1783;-21.12;24225
1784;-21.23;24237
1785;-21.51;24249
1786;-21.15;24261
1787;-20.78;24272
1788;-21.20;24284
1789;-21.36;24296
1790;-21.40;24308
1791;-20.82;24320
1792;-21.05;24332
1793;-21.12;24344
1794;-21.14;24356
1795;-20.87;24368
1796;-20.76;24380
1797;-20.71;24391
1798;-20.17;24403
1799;-20.99;24415
1800;-21.20;24427
1801;-21.23;24439
1802;-21.45;24451
1803;-20.78;24463
1804;-20.26;24475
1805;-20.38;24487
1806;-20.97;24499
1807;-20.92;24511
1808;-20.53;24522
1809;-20.85;24534
1810;-20.86;24546
1811;-20.88;24558
1812;-20.68;24570
1813;-20.35;24582
1814;-20.61;24594
1815;-20.54;24606
1816;-20.67;24618
1817;-21.32;24630
1818;-21.04;24641
1819;-20.20;24653
1820;-19.59;24665
1821;-19.96;24677
1822;-20.95;24689
1823;-20.97;24701
1824;-20.63;24713
1825;-20.40;24725
1826;-20.47;24737
1827;-20.50;24749
1828;-20.40;24761
1829;-20.42;24772
1830;-20.11;24784
1831;-20.10;24796
1832;-20.69;24808
1833;-21.04;24820
1834;-20.23;24832
1835;-20.97;24844
1836;-21.34;24856
1837;-20.87;24868
1838;-20.87;24880
1839;-20.61;24891
1840;-20.84;24903
1841;-20.69;24915
1842;-20.93;24927
1843;-21.09;24939
1844;-20.51;24951
1845;-20.04;24963
1846;-20.67;24975
1847;-19.87;24987
1848;-20.49;24999
1849;-20.93;25010
1850;-20.77;25022
1851;-20.52;25034
1852;-20.93;25046
1853;-20.79;25058
1854;-20.69;25070
1855;-20.51;25082
1856;-20.37;25094
1857;-20.05;25106
1858;-19.71;25118
1859;-20.27;25130
1860;-20.61;25141
1861;-20.12;25153
1862;-20.27;25165
1863;-20.74;25177
1864;-20.56;25189
1865;-20.42;25201
1866;-20.54;25213
1867;-20.80;25225
1868;-20.92;25237
1869;-20.56;25249
1870;-20.49;25260
1871;-20.61;25272
1872;-20.59;25284
1873;-20.16;25296
1874;-20.26;25308
1875;-20.88;25320
1876;-21.15;25332
1877;-19.95;25344
1878;-19.89;25356
1879;-20.76;25368
1880;-19.89;25379
1881;-19.20;25391
1882;-19.62;25403
1883;-20.25;25415
1884;-20.13;25427
1885;-20.38;25439
1886;-20.37;25451
1887;-19.86;25463
1888;-19.69;25475
1889;-20.01;25487
1890;-19.60;25499
1891;-20.05;25510
1892;-19.94;25522
1893;-19.99;25534
1894;-20.17;25546
1895;-20.28;25558
1896;-20.20;25570
1897;-21.09;25582
1898;-20.96;25594
1899;-19.95;25606
1900;-20.03;25618
1901;-20.28;25629
1902;-20.61;25641
1903;-20.05;25653
1904;-20.45;25665
1905;-20.60;25677
1906;-20.45;25689
1907;-19.78;25701
1908;-19.83;25713
1909;-20.71;25725
1910;-20.59;25737
1911;-20.98;25748
1912;-20.80;25760
1913;-20.21;25772
1914;-20.14;25784
1915;-19.31;25796
1916;-19.52;25808
1917;-19.95;25820
1918;-19.59;25832
1919;-19.87;25844
1920;-20.59;25856
1921;-20.47;25868
1922;-20.29;25879
1923;-20.07;25891
1924;-19.30;25903
1925;-19.73;25915
1926;-20.10;25927
1927;-19.72;25939
1928;-19.57;25951
1929;-19.56;25963
1930;-20.08;25975
1931;-20.32;25987
1932;-19.81;25998
1933;-19.27;26010
1934;-19.85;26022
1935;-19.90;26034
1936;-19.79;26046
1937;-20.04;26058
1938;-19.93;26070
1939;-20.00;26082
1940;-20.15;26094
1941;-20.15;26106
1942;-19.31;26117
1943;-19.65;26129
1944;-20.36;26141
1945;-20.39;26153
1946;-20.40;26165
1947;-20.21;26177
1948;-19.86;26189
1949;-19.61;26201
1950;-18.69;26213
1951;-19.24;26225
1952;-20.34;26236
1953;-20.29;26248
1954;-19.66;26260
1955;-19.83;26272
1956;-19.93;26284
1957;-20.00;26296
1958;-19.61;26308
1959;-20.14;26320
1960;-19.78;26332
1961;-19.47;26344
1962;-19.79;26355
1963;-19.57;26367
1964;-19.39;26379
1965;-19.01;26391
1966;-19.01;26403
1967;-19.41;26415
1968;-19.27;26427
1969;-19.52;26439
1970;-20.00;26451
1971;-19.81;26463
1972;-19.21;26475
1973;-19.77;26486
1974;-19.34;26498
1975;-18.90;26510
1976;-19.02;26522
1977;-19.45;26534
1978;-19.66;26546
1979;-20.09;26558
1980;-20.11;26570
1981;-20.29;26582
1982;-20.20;26594
1983;-20.16;26605
1984;-20.02;26617
1985;-19.84;26629
1986;-19.49;26641
1987;-19.81;26653
1988;-20.05;26665
1989;-20.05;26677
1990;-20.06;26689
1991;-19.97;26701
1992;-20.03;26713
1993;-19.24;26724
1994;-19.02;26736
1995;-19.68;26748
1996;-19.92;26760
1997;-19.77;26772
1998;-19.65;26784
1999;-19.85;26796
2000;-20.13;26808
2001;-19.12;26820
2002;-18.76;26832
2003;-18.56;26843
2004;-18.89;26855
2005;-19.38;26867
2006;-19.65;26879
2007;-19.82;26891
2008;-19.80;26903
2009;-19.94;26915
2010;-19.53;26927
2011;-19.62;26939
2012;-19.42;26951
2013;-19.14;26962
2014;-19.87;26974
2015;-19.94;26986
2016;-19.29;26998
2017;-19.01;27010
2018;-19.16;27022
2019;-19.31;27034
2020;-19.59;27046
2021;-20.01;27058
2022;-20.26;27070
2023;-19.82;27082
2024;-19.22;27093
2025;-18.74;27105
2026;-19.23;27117
2027;-19.63;27129
2028;-18.96;27141
2029;-19.67;27153
2030;-19.17;27165
2031;-19.59;27177
2032;-19.91;27189
2033;-19.44;27201
2034;-19.19;27212
2035;-19.31;27224
2036;-19.69;27236
2037;-19.66;27248
2038;-19.56;27260
2039;-19.90;27272
2040;-19.68;27284
2041;-19.11;27296
2042;-19.41;27308
2043;-19.85;27320
2044;-19.34;27331
2045;-18.99;27343
2046;-19.40;27355
2047;-19.37;27367
2048;-19.61;27379
2049;-19.34;27391
2050;-19.31;27403
2051;-19.99;27415
2052;-19.97;27427
2053;-19.82;27439
2054;-19.55;27450
2055;-19.20;27462
2056;-19.76;27474
2057;-19.65;27486
2058;-19.59;27498
2059;-19.36;27510
2060;-19.18;27522
2061;-18.83;27534
2062;-19.52;27546
2063;-19.43;27558
2064;-18.79;27570
2065;-18.79;27581
2066;-18.60;27593
2067;-19.13;27605
2068;-19.29;27617
2069;-19.12;27629
2070;-18.36;27641
2071;-18.20;27653
2072;-18.82;27665
2073;-18.71;27677
2074;-18.62;27689
2075;-19.21;27700
2076;-19.35;27712
2077;-19.44;27724
2078;-19.68;27736
2079;-19.39;27748
2080;-19.31;27760
2081;-20.00;27772
2082;-19.19;27784
2083;-19.38;27796
2084;-19.05;27808
2085;-19.12;27819
2086;-19.30;27831
2087;-19.04;27843
2088;-19.15;27855
2089;-19.39;27867
2090;-19.56;27879
2091;-19.52;27891
2092;-19.22;27903
2093;-19.17;27915
2094;-19.21;27927
2095;-19.69;27938
2096;-19.15;27950
2097;-18.19;27962
2098;-18.68;27974
2099;-18.78;27986
2100;-19.31;27998
2101;-18.50;28010
2102;-18.59;28022
2103;-19.43;28034
2104;-19.17;28046
2105;-18.62;28058
2106;-18.93;28069
2107;-18.78;28081
2108;-18.79;28093
2109;-19.03;28105
2110;-19.07;28117
2111;-18.66;28129
2112;-18.74;28141
2113;-18.98;28153
2114;-18.73;28165
2115;-18.94;28177
2116;-19.38;28188
2117;-19.42;28200
2118;-19.11;28212
2119;-18.97;28224
2120;-19.46;28236
2121;-19.02;28248
2122;-18.89;28260
2123;-18.46;28272
2124;-19.04;28284
2125;-19.59;28296
2126;-19.33;28307
2127;-18.91;28319
2128;-19.34;28331
2129;-18.98;28343
2130;-18.59;28355
2131;-17.91;28367
2132;-18.33;28379
2133;-18.24;28391
2134;-18.77;28403
2135;-19.68;28415
2136;-19.20;28426
2137;-18.35;28438
2138;-18.44;28450
2139;-18.28;28462
2140;-18.23;28474
2141;-18.60;28486
2142;-18.18;28498
2143;-18.36;28510
2144;-19.06;28522
2145;-18.68;28534
2146;-18.69;28546
2147;-19.05;28557
2148;-18.87;28569
2149;-18.92;28581
2150;-19.27;28593
2151;-18.97;28605
2152;-19.14;28617
2153;-18.99;28629
2154;-18.54;28641
2155;-19.10;28653
2156;-18.59;28665
2157;-17.85;28676
2158;-18.48;28688
2159;-19.10;28700
2160;-19.02;28712
2161;-18.99;28724
2162;-19.41;28736
2163;-19.37;28748
2164;-19.13;28760
2165;-18.38;28772
2166;-19.03;28784
2167;-19.29;28795
2168;-19.00;28807
2169;-18.87;28819
2170;-19.37;28831
2171;-18.97;28843
2172;-18.86;28855
2173;-18.95;28867
2174;-18.58;28879
2175;-18.96;28891
2176;-19.46;28903
2177;-18.50;28914
2178;-18.84;28926
2179;-19.31;28938
2180;-19.10;28950
2181;-18.84;28962
2182;-18.45;28974
2183;-18.08;28986
2184;-18.76;28998
2185;-18.64;29010
2186;-18.52;29022
2187;-19.02;29033
2188;-19.22;29045
2189;-18.70;29057
2190;-18.52;29069
2191;-18.25;29081
2192;-18.48;29093
2193;-18.84;29105
2194;-18.69;29117
2195;-18.49;29129
2196;-18.61;29141
2197;-18.67;29153
2198;-19.01;29164
2199;-19.07;29176
2200;-18.88;29188
2201;-18.70;29200
2202;-18.93;29212
2203;-18.68;29224
2204;-18.44;29236
2205;-18.40;29248
2206;-18.00;29260
2207;-18.33;29272
2208;-18.13;29283
2209;-17.70;29295
2210;-18.53;29307
2211;-18.85;29319
2212;-18.73;29331
2213;-18.68;29343
2214;-18.97;29355
2215;-19.27;29367
2216;-18.63;29379
2217;-17.36;29391
2218;-18.40;29402
2219;-18.69;29414
2220;-18.21;29426
2221;-18.63;29438
2222;-18.51;29450
2223;-18.71;29462
2224;-19.01;29474
2225;-18.60;29486
2226;-18.36;29498
2227;-18.54;29510
2228;-19.17;29521
2229;-19.33;29533
2230;-19.45;29545
2231;-18.97;29557
2232;-18.91;29569
2233;-18.60;29581
2234;-17.88;29593
2235;-18.35;29605
2236;-19.10;29617
2237;-18.81;29629
2238;-18.20;29641
2239;-18.18;29652
2240;-18.95;29664
2241;-18.68;29676
2242;-18.36;29688
2243;-18.46;29700
2244;-18.83;29712
2245;-18.89;29724
2246;-18.32;29736
2247;-18.42;29748
2248;-18.58;29760
2249;-18.48;29771
2250;-18.46;29783
2251;-18.60;29795
2252;-18.83;29807
2253;-18.47;29819
2254;-18.38;29831
2255;-18.75;29843
2256;-18.67;29855
2257;-18.92;29867
2258;-19.00;29879
2259;-18.64;29890
2260;-18.44;29902
2261;-18.23;29914
2262;-18.45;29926
2263;-18.51;29938
2264;-18.60;29950
2265;-18.26;29962
2266;-18.47;29974
2267;-18.76;29986
2268;-18.45;29998
2269;-18.79;30009
2270;-18.84;30021
2271;-18.30;30033
2272;-18.42;30045
2273;-18.01;30057
2274;-18.17;30069
2275;-18.45;30081
2276;-18.37;30093
2277;-18.65;30105
2278;-18.09;30117
2279;-17.96;30128
2280;-18.40;30140
2281;-18.54;30152
2282;-18.12;30164
2283;-18.08;30176
2284;-18.37;30188
2285;-18.51;30200
2286;-18.17;30212
2287;-18.72;30224
2288;-19.25;30236
2289;-18.89;30248
2290;-18.42;30259
2291;-18.71;30271
2292;-18.01;30283
2293;-18.25;30295
2294;-18.61;30307
2295;-18.46;30319
2296;-18.38;30331
2297;-17.53;30343
2298;-17.99;30355
2299;-19.07;30367
2300;-18.62;30378
2301;-18.79;30390
2302;-18.50;30402
2303;-17.82;30414
2304;-17.92;30426
2305;-18.13;30438
2306;-18.92;30450
2307;-18.68;30462
2308;-18.49;30474
2309;-18.47;30486
2310;-18.26;30497
2311;-18.04;30509
2312;-17.98;30521
2313;-18.52;30533
2314;-18.93;30545
2315;-18.72;30557
2316;-18.25;30569
2317;-18.09;30581
2318;-18.38;30593
2319;-18.45;30605
2320;-18.24;30616
2321;-18.00;30628
2322;-18.10;30640
2323;-18.46;30652
2324;-19.15;30664
2325;-19.67;30676
2326;-18.90;30688
2327;-17.93;30700
2328;-17.78;30712
2329;-17.66;30724
2330;-17.98;30735
2331;-18.45;30747
2332;-18.56;30759
2333;-18.67;30771
2334;-18.35;30783
2335;-18.30;30795
2336;-17.84;30807
2337;-17.79;30819
2338;-18.67;30831
2339;-18.78;30843
2340;-18.51;30855
2341;-18.43;30866
2342;-18.05;30878
2343;-17.52;30890
2344;-17.97;30902
2345;-18.68;30914
2346;-18.27;30926
2347;-18.25;30938
2348;-18.58;30950
2349;-18.68;30962
2350;-18.31;30974
2351;-18.01;30985
2352;-18.11;30997
2353;-18.35;31009
2354;-17.59;31021
2355;-17.32;31033
2356;-17.93;31045
2357;-17.83;31057
2358;-18.28;31069
2359;-18.58;31081
2360;-18.59;31093
2361;-18.58;31105
2362;-18.56;31116
2363;-17.47;31128
2364;-18.79;31140
2365;-18.38;31152
2366;-17.56;31164
2367;-17.67;31176
2368;-17.82;31188
2369;-18.37;31200
2370;-18.50;31212
2371;-18.07;31223
2372;-17.75;31235
2373;-18.44;31247
2374;-18.69;31259
2375;-18.89;31271
2376;-17.67;31283
2377;-17.34;31295
2378;-18.04;31307
2379;-18.74;31319
2380;-18.33;31331
2381;-18.23;31343
2382;-18.56;31354
2383;-18.37;31366
2384;-18.02;31378
2385;-18.14;31390
2386;-18.55;31402
2387;-18.03;31414
2388;-18.66;31426
2389;-18.31;31438
2390;-18.21;31450
2391;-18.76;31462
2392;-19.15;31473
2393;-18.71;31485
2394;-18.62;31497
2395;-18.40;31509
2396;-18.18;31521
2397;-17.41;31533
2398;-17.55;31545
2399;-18.24;31557
2400;-18.39;31569
2401;-18.23;31581
2402;-18.50;31592
2403;-17.91;31604
2404;-17.91;31616
2405;-18.03;31628
2406;-18.08;31640
2407;-18.36;31652
2408;-18.25;31664
2409;-18.37;31676
2410;-17.85;31688
2411;-17.85;31700
2412;-17.94;31711
2413;-17.46;31723
2414;-17.61;31735
2415;-18.18;31747
2416;-17.86;31759
2417;-17.85;31771
2418;-17.65;31783
2419;-17.22;31795
2420;-17.33;31807
2421;-18.04;31819
2422;-18.69;31831
2423;-18.05;31842
2424;-18.37;31854
2425;-18.53;31866
2426;-18.49;31878
2427;-18.08;31890
2428;-17.91;31902
2429;-18.14;31914
2430;-17.96;31926
2431;-17.65;31938
2432;-17.82;31950
2433;-17.72;31961
2434;-18.17;31973
2435;-18.47;31985
2436;-18.75;31997
2437;-19.18;32009
2438;-18.60;32021
2439;-18.34;32033
2440;-17.90;32045
2441;-18.00;32057
2442;-18.42;32069
2443;-18.01;32080
2444;-18.21;32092
2445;-18.25;32104
2446;-17.77;32116
2447;-17.30;32128
2448;-17.35;32140
2449;-17.50;32152
2450;-18.48;32164
2451;-17.98;32176
2452;-18.04;32188
2453;-18.23;32199
2454;-17.69;32211
2455;-18.29;32223
2456;-17.91;32235
2457;-17.99;32247
2458;-18.01;32259
2459;-17.84;32271
2460;-17.99;32283
2461;-16.88;32295
2462;-17.84;32307
2463;-18.08;32319
2464;-17.80;32330
2465;-17.99;32342
2466;-17.80;32354
2467;-17.59;32366
2468;-17.73;32378
2469;-17.38;32390
2470;-17.21;32402
2471;-17.48;32414
2472;-18.37;32426
2473;-18.15;32438
2474;-18.11;32449
2475;-18.10;32461
2476;-18.52;32473
2477;-18.21;32485
2478;-18.09;32497
2479;-18.00;32509
2480;-18.33;32521
2481;-17.66;32533
2482;-18.22;32545
2483;-17.18;32557
2484;-16.82;32568
2485;-18.14;32580
2486;-18.37;32592
2487;-17.50;32604
2488;-17.82;32616
2489;-17.96;32628
2490;-17.72;32640
2491;-17.83;32652
2492;-16.74;32664
2493;-17.68;32676
2494;-18.06;32687
2495;-18.07;32699
2496;-18.42;32711
2497;-18.10;32723
2498;-18.22;32735
2499;-18.45;32747
2500;-17.89;32759
2501;-17.19;32771
2502;-17.90;32783
2503;-18.46;32795
2504;-18.14;32806
2505;-17.67;32818
2506;-17.95;32830
2507;-18.28;32842
2508;-17.37;32854
2509;-17.02;32866
2510;-17.84;32878
2511;-18.30;32890
2512;-17.75;32902
2513;-17.93;32914
2514;-18.18;32926
2515;-18.14;32937
2516;-17.65;32949
2517;-18.23;32961
2518;-17.05;32973
2519;-16.52;32985
2520;-16.31;32997
2521;-18.28;33009
2522;-18.44;33021
2523;-18.02;33033
2524;-17.54;33045
2525;-17.82;33056
2526;-17.56;33068
2527;-17.20;33080
2528;-18.05;33092
2529;-18.23;33104
2530;-18.40;33116
2531;-18.12;33128
2532;-17.68;33140
2533;-18.15;33152
2534;-18.12;33164
2535;-17.13;33175
2536;-17.93;33187
2537;-18.17;33199
2538;-17.99;33211
2539;-18.19;33223
2540;-17.89;33235
2541;-17.68;33247
2542;-18.09;33259
2543;-18.18;33271
2544;-17.84;33283
2545;-18.02;33294
2546;-18.20;33306
2547;-17.44;33318
2548;-17.63;33330
2549;-17.55;33342
2550;-16.93;33354
2551;-17.83;33366
2552;-17.89;33378
2553;-17.33;33390
2554;-18.04;33402
2555;-18.61;33413
2556;-17.95;33425
2557;-18.06;33437
2558;-18.31;33449
2559;-18.28;33461
2560;-17.63;33473
2561;-16.58;33485
2562;-17.57;33497
2563;-18.43;33509
2564;-18.07;33521
2565;-18.11;33532
2566;-17.96;33544
2567;-17.47;33556
2568;-17.21;33568
2569;-17.25;33580
2570;-16.99;33592
2571;-17.86;33604
2572;-18.18;33616
2573;-17.39;33628
2574;-17.25;33640
2575;-17.59;33652
2576;-17.98;33663
2577;-17.91;33675
2578;-17.45;33687
2579;-17.72;33699
2580;-18.13;33711
2581;-18.32;33723
2582;-18.64;33735
2583;-18.09;33747
2584;-17.73;33759
2585;-17.35;33771
2586;-17.79;33782
2587;-17.22;33794
2588;-17.15;33806
2589;-17.51;33818
2590;-17.89;33830
2591;-17.87;33842
2592;-17.96;33854
2593;-16.73;33866
2594;-15.26;33878
2595;-14.95;33890
2596;-15.38;33901
2597;-17.62;33913
2598;-17.44;33925
2599;-17.80;33937
2600;-18.39;33949
2601;-17.93;33961
2602;-17.58;33973
2603;-17.46;33985
2604;-17.30;33997
2605;-17.97;34009
2606;-18.02;34020
2607;-17.48;34032
2608;-17.56;34044
2609;-17.98;34056
2610;-17.93;34068
2611;-18.25;34080
2612;-18.40;34092
2613;-18.30;34104
2614;-18.11;34116
2615;-17.96;34128
2616;-17.95;34139
2617;-17.56;34151
2618;-18.33;34163
2619;-18.18;34175
2620;-18.45;34187
2621;-17.83;34199
2622;-17.72;34211
2623;-18.42;34223
2624;-18.79;34235
2625;-17.62;34247
2626;-17.58;34258
2627;-17.69;34270
2628;-17.54;34282
2629;-17.86;34294
2630;-18.23;34306
2631;-18.33;34318
2632;-17.89;34330
2633;-17.74;34342
2634;-17.80;34354
2635;-18.30;34366
2636;-17.77;34377
2637;-17.37;34389
2638;-17.25;34401
2639;-17.03;34413
2640;-17.34;34425
2641;-17.50;34437
2642;-17.73;34449
2643;-17.59;34461
2644;-17.18;34473
2645;-16.95;34485
2646;-16.78;34496
2647;-16.96;34508
2648;-17.90;34520
2649;-17.39;34532
2650;-17.54;34544
2651;-17.62;34556
2652;-17.78;34568
2653;-17.96;34580
2654;-17.75;34592
2655;-17.59;34604
2656;-16.98;34616
2657;-17.19;34627
2658;-17.34;34639
2659;-17.52;34651
2660;-17.26;34663
2661;-17.53;34675
2662;-17.65;34687
2663;-17.60;34699
2664;-17.04;34711
2665;-17.71;34723
2666;-18.00;34735
2667;-17.84;34746
2668;-17.98;34758
2669;-17.55;34770
2670;-17.22;34782
2671;-17.37;34794
2672;-17.68;34806
2673;-17.08;34818
2674;-17.55;34830
2675;-18.04;34842
2676;-17.92;34854
2677;-17.33;34865
2678;-17.45;34877
2679;-18.01;34889
2680;-17.73;34901
2681;-17.57;34913
2682;-17.49;34925
2683;-17.28;34937
2684;-17.24;34949
2685;-17.17;34961
2686;-17.02;34973
2687;-17.62;34984
2688;-17.76;34996
2689;-17.46;35008
2690;-17.06;35020
2691;-18.08;35032
2692;-17.92;35044
2693;-17.67;35056
2694;-18.04;35068
2695;-17.72;35080
2696;-18.18;35092
2697;-18.50;35103
2698;-18.24;35115
2699;-17.53;35127
2700;-17.94;35139
2701;-18.01;35151
2702;-17.02;35163
2703;-17.24;35175
2704;-17.22;35187
2705;-17.10;35199
2706;-16.88;35211
2707;-17.03;35222
2708;-17.64;35234
2709;-17.77;35246
2710;-17.59;35258
2711;-17.67;35270
2712;-18.33;35282
2713;-18.09;35294
2714;-18.16;35306
2715;-17.90;35318
2716;-16.94;35330
2717;-17.13;35341
2718;-17.13;35353
2719;-16.90;35365
2720;-17.08;35377
2721;-17.75;35389
2722;-18.08;35401
2723;-17.51;35413
2724;-17.23;35425
2725;-16.79;35437
2726;-17.37;35449
2727;-17.34;35461
2728;-17.20;35472
2729;-17.21;35484
2730;-17.69;35496
2731;-18.19;35508
2732;-17.53;35520
2733;-17.67;35532
2734;-17.57;35544
2735;-17.51;35556
2736;-17.65;35568
2737;-17.94;35580
2738;-17.92;35591
2739;-17.98;35603
2740;-17.70;35615
2741;-17.12;35627
2742;-17.03;35639
2743;-17.13;35651
2744;-17.56;35663
2745;-17.86;35675
2746;-18.23;35687
2747;-18.14;35699
2748;-17.29;35710
2749;-17.53;35722
2750;-17.19;35734
2751;-16.94;35746
2752;-17.21;35758
2753;-17.14;35770
2754;-18.23;35782
2755;-17.95;35794
2756;-18.08;35806
2757;-17.85;35818
2758;-17.40;35829
2759;-16.92;35841
2760;-17.03;35853
2761;-17.57;35865
2762;-17.50;35877
2763;-18.08;35889
2764;-18.17;35901
2765;-18.05;35913
2766;-18.12;35925
2767;-18.03;35937
2768;-17.89;35948
2769;-18.13;35960
2770;-18.31;35972
2771;-17.92;35984
2772;-17.38;35996
2773;-17.58;36008
2774;-17.52;36020
2775;-17.46;36032
2776;-16.69;36044
2777;-17.29;36056
2778;-17.31;36068
2779;-17.27;36079
2780;-17.73;36091
2781;-17.78;36103
2782;-17.47;36115
2783;-17.96;36127
2784;-18.14;36139
2785;-17.01;36151
2786;-17.22;36163
2787;-17.34;36175
2788;-16.72;36187
2789;-17.35;36198
2790;-17.56;36210
2791;-17.06;36222
2792;-17.40;36234
2793;-17.29;36246
2794;-17.46;36258
2795;-17.79;36270
2796;-17.14;36282
2797;-16.94;36294
2798;-17.46;36306
2799;-18.01;36317
2800;-17.52;36329
2801;-17.09;36341
2802;-17.35;36353
2803;-17.74;36365
2804;-17.92;36377
2805;-18.00;36389
2806;-18.19;36401
2807;-17.96;36413
2808;-17.67;36425
2809;-17.92;36436
2810;-17.47;36448
2811;-16.95;36460
2812;-17.52;36472
2813;-17.42;36484
2814;-17.25;36496
2815;-17.51;36508
2816;-17.52;36520
2817;-17.56;36532
2818;-17.48;36544
2819;-17.40;36555
2820;-17.70;36567
2821;-17.93;36579
2822;-18.05;36591
2823;-17.85;36603
2824;-17.02;36615
2825;-17.43;36627
2826;-17.63;36639
2827;-17.05;36651
2828;-17.14;36663
2829;-17.53;36674
2830;-17.20;36686
2831;-17.43;36698
2832;-17.32;36710
2833;-17.25;36722
2834;-17.16;36734
2835;-17.61;36746
2836;-17.24;36758
2837;-17.68;36770
2838;-17.74;36782
2839;-17.40;36793
2840;-17.38;36805
2841;-17.42;36817
2842;-17.22;36829
2843;-17.36;36841
2844;-17.21;36853
2845;-16.60;36865
2846;-17.53;36877
2847;-17.70;36889
2848;-17.09;36901
2849;-17.06;36912
2850;-17.64;36924
2851;-17.31;36936
2852;-17.60;36948
2853;-17.43;36960
2854;-17.19;36972
2855;-17.48;36984
2856;-17.51;36996
2857;-17.93;37008
2858;-17.91;37020
2859;-17.66;37032
2860;-17.30;37043
2861;-17.16;37055
2862;-17.03;37067
2863;-17.23;37079
2864;-17.11;37091
2865;-17.30;37103
2866;-17.36;37115
2867;-17.08;37127
2868;-17.24;37139
2869;-17.34;37151
2870;-17.11;37162
2871;-16.85;37174
2872;-17.18;37186
2873;-17.32;37198
2874;-17.37;37210
2875;-17.58;37222
2876;-17.59;37234
2877;-17.40;37246
2878;-17.95;37258
2879;-17.37;37270
2880;-17.16;37281
2881;-18.04;37293
2882;-17.91;37305
2883;-17.06;37317
2884;-15.14;37329
2885;-16.50;37341
2886;-17.57;37353
2887;-17.14;37365
2888;-17.20;37377
2889;-16.88;37389
2890;-13.81;37400
2891;-15.14;37412
2892;-17.36;37424
2893;-17.75;37436
2894;-17.81;37448
2895;-18.24;37460
2896;-18.10;37472
2897;-17.14;37484
2898;-17.31;37496
2899;-17.06;37508
2900;-17.59;37519
2901;-17.45;37531
2902;-17.23;37543
2903;-17.19;37555
2904;-17.68;37567
2905;-17.24;37579
2906;-18.00;37591
2907;-17.89;37603
2908;-17.93;37615
2909;-17.38;37627
2910;-17.79;37638
2911;-17.84;37650
2912;-17.41;37662
2913;-17.08;37674
2914;-16.84;37686
2915;-17.44;37698
2916;-17.60;37710
2917;-17.41;37722
2918;-17.31;37734
2919;-17.47;37746
2920;-17.39;37757
2921;-17.16;37769
2922;-16.59;37781
2923;-17.05;37793
2924;-17.39;37805
2925;-17.29;37817
2926;-17.50;37829
2927;-17.01;37841
2928;-17.04;37853
2929;-17.14;37865
2930;-17.17;37876
2931;-17.05;37888
2932;-17.61;37900
2933;-17.43;37912
2934;-17.38;37924
2935;-17.65;37936
2936;-17.80;37948
2937;-17.53;37960
2938;-17.54;37972
2939;-17.19;37984
2940;-17.08;37996
2941;-17.23;38007
2942;-17.76;38019
2943;-17.71;38031
2944;-17.77;38043
2945;-18.33;38055
2946;-17.93;38067
2947;-17.54;38079
2948;-16.65;38091
2949;-17.35;38103
2950;-17.89;38115
2951;-17.17;38126
2952;-17.25;38138
2953;-17.06;38150
2954;-17.18;38162
2955;-17.15;38174
2956;-17.86;38186
2957;-17.86;38198
2958;-17.73;38210
2959;-17.78;38222
2960;-18.43;38234
2961;-17.75;38245
2962;-17.28;38257
2963;-17.78;38269
2964;-17.53;38281
2965;-17.18;38293
2966;-16.95;38305
2967;-17.24;38317
2968;-17.89;38329
2969;-18.21;38341
2970;-17.59;38353
2971;-17.20;38364
2972;-17.09;38376
2973;-16.99;38388
2974;-17.25;38400
2975;-17.35;38412
2976;-17.48;38424
2977;-17.42;38436
2978;-17.58;38448
2979;-18.50;38460
2980;-17.85;38472
2981;-17.81;38483
2982;-17.33;38495
2983;-17.00;38507
2984;-17.70;38519
2985;-17.79;38531
2986;-17.37;38543
2987;-17.11;38555
2988;-17.40;38567
2989;-17.76;38579
2990;-17.98;38591
2991;-17.67;38602
2992;-18.28;38614
2993;-18.14;38626
2994;-17.63;38638
2995;-17.14;38650
2996;-17.73;38662
2997;-18.15;38674
2998;-17.88;38686
2999;-17.37;38698
3000;-16.96;38710
3001;-17.11;38721
3002;-17.37;38733
3003;-17.32;38745
3004;-17.74;38757
3005;-17.45;38769
3006;-18.15;38781
3007;-17.87;38793
3008;-17.28;38805
3009;-17.35;38817
3010;-17.49;38829
3011;-17.15;38841
3012;-17.15;38852
3013;-17.28;38864
3014;-17.44;38876
3015;-17.66;38888
3016;-17.42;38900
3017;-17.65;38912
3018;-17.61;38924
3019;-17.95;38936
3020;-17.90;38948
3021;-17.73;38960
3022;-17.51;38971
3023;-17.24;38983
3024;-17.64;38995
3025;-17.68;39007
3026;-17.42;39019
3027;-17.75;39031
3028;-18.09;39043
3029;-18.04;39055
3030;-17.93;39067
3031;-17.31;39079
3032;-17.06;39090
3033;-16.76;39102
3034;-16.35;39114
3035;-16.92;39126
3036;-17.24;39138
3037;-17.51;39150
3038;-17.80;39162
3039;-17.75;39174
3040;-18.17;39186
3041;-17.93;39198
3042;-17.15;39209
3043;-16.82;39221
3044;-17.17;39233
3045;-17.85;39245
3046;-17.47;39257
3047;-17.42;39269
3048;-17.65;39281
3049;-17.07;39293
3050;-17.35;39305
3051;-17.24;39317
3052;-17.76;39328
3053;-17.90;39340
3054;-18.07;39352
3055;-17.59;39364
3056;-17.22;39376
3057;-17.26;39388
3058;-17.71;39400
3059;-17.42;39412
3060;-16.93;39424
3061;-17.89;39436
3062;-18.26;39447
3063;-17.68;39459
3064;-17.63;39471
3065;-16.82;39483
3066;-16.84;39495
3067;-17.59;39507
3068;-17.41;39519
3069;-17.07;39531
3070;-17.98;39543
3071;-18.18;39555
3072;-17.67;39566
3073;-17.90;39578
3074;-17.97;39590
3075;-17.75;39602
3076;-17.74;39614
3077;-16.88;39626
3078;-17.08;39638
3079;-17.07;39650
3080;-16.96;39662
3081;-17.67;39674
3082;-17.52;39685
3083;-17.38;39697
3084;-17.24;39709
3085;-17.89;39721
3086;-17.33;39733
3087;-16.92;39745
3088;-17.40;39757
3089;-17.39;39769
3090;-17.51;39781
3091;-17.83;39793
3092;-18.09;39804
3093;-17.12;39816
3094;-17.00;39828
3095;-16.98;39840
3096;-17.49;39852
3097;-17.81;39864
3098;-17.66;39876
3099;-17.88;39888
3100;-18.02;39900
3101;-17.48;39912
3102;-17.65;39923
3103;-17.70;39935
3104;-17.53;39947
3105;-17.75;39959
3106;-17.63;39971
3107;-17.24;39983
3108;-17.63;39995
3109;-17.45;40007
3110;-17.50;40019
3111;-17.03;40031
3112;-16.81;40042
3113;-17.05;40054
3114;-17.42;40066
3115;-17.62;40078
3116;-18.02;40090
3117;-17.83;40102
3118;-18.11;40114
3119;-17.88;40126
3120;-17.65;40138
3121;-17.52;40150
3122;-17.31;40162
3123;-17.76;40173
3124;-18.05;40185
3125;-17.03;40197
3126;-16.82;40209
3127;-17.19;40221
3128;-17.55;40233
3129;-17.91;40245
3130;-17.89;40257
3131;-18.28;40269
3132;-18.13;40281
3133;-17.21;40292
3134;-17.68;40304
3135;-17.94;40316
3136;-17.75;40328
3137;-17.33;40340
3138;-17.41;40352
3139;-17.59;40364
3140;-17.67;40376
3141;-17.89;40388
3142;-17.63;40400
3143;-17.60;40411
3144;-17.94;40423
3145;-17.15;40435
3146;-17.01;40447
3147;-17.83;40459
3148;-18.12;40471
3149;-17.72;40483
3150;-17.64;40495
3151;-17.62;40507
3152;-16.95;40519
3153;-16.80;40530
3154;-17.16;40542
3155;-17.27;40554
3156;-17.57;40566
3157;-17.64;40578
3158;-17.50;40590
3159;-17.50;40602
3160;-16.93;40614
3161;-17.63;40626
3162;-17.76;40638
3163;-17.03;40649
3164;-17.84;40661
3165;-18.40;40673
3166;-18.48;40685
3167;-18.08;40697
3168;-17.75;40709
3169;-17.27;40721
3170;-17.59;40733
3171;-18.09;40745
3172;-17.45;40757
3173;-17.60;40768
3174;-17.76;40780
3175;-18.45;40792
3176;-18.16;40804
3177;-18.06;40816
3178;-18.01;40828
3179;-17.99;40840
3180;-17.58;40852
3181;-17.02;40864
3182;-17.90;40876
3183;-18.32;40888
3184;-17.82;40899
3185;-17.89;40911
3186;-17.61;40923
3187;-17.63;40935
3188;-17.72;40947
3189;-17.25;40959
3190;-17.14;40971
3191;-17.67;40983
3192;-17.99;40995
3193;-17.78;41007
3194;-17.80;41018
3195;-17.90;41030
3196;-17.68;41042
3197;-17.16;41054
3198;-16.70;41066
3199;-16.86;41078
3200;-16.86;41090
3201;-17.76;41102
3202;-18.22;41114
3203;-18.26;41126
3204;-18.00;41137
3205;-17.40;41149
3206;-17.34;41161
3207;-17.75;41173
3208;-17.66;41185
3209;-17.66;41197
3210;-17.39;41209
3211;-17.44;41221
3212;-17.69;41233
3213;-17.75;41245
3214;-17.76;41256
3215;-17.07;41268
3216;-17.43;41280
3217;-17.67;41292
3218;-17.80;41304
3219;-17.95;41316
3220;-17.27;41328
3221;-17.39;41340
3222;-17.20;41352
3223;-17.42;41364
3224;-18.13;41375
3225;-17.98;41387
3226;-18.17;41399
3227;-18.15;41411
3228;-17.31;41423
3229;-17.03;41435
3230;-17.26;41447
3231;-17.30;41459
3232;-17.55;41471
3233;-17.85;41483
3234;-17.83;41494
3235;-17.96;41506
3236;-17.40;41518
3237;-17.83;41530
3238;-17.81;41542
3239;-17.82;41554
3240;-18.06;41566
3241;-17.65;41578
3242;-17.35;41590
3243;-17.53;41602
3244;-18.21;41613
3245;-17.78;41625
3246;-17.36;41637
3247;-17.44;41649
3248;-17.71;41661
3249;-17.50;41673
3250;-17.75;41685
3251;-17.78;41697
3252;-17.52;41709
3253;-17.27;41721
3254;-17.35;41733
3255;-18.31;41744
3256;-17.88;41756
3257;-16.95;41768
3258;-16.77;41780
3259;-17.57;41792
3260;-18.07;41804
3261;-18.26;41816
3262;-17.74;41828
3263;-17.36;41840
3264;-17.95;41852
3265;-18.21;41863
3266;-18.46;41875
3267;-17.86;41887
3268;-17.16;41899
3269;-17.47;41911
3270;-17.67;41923
3271;-17.84;41935
3272;-18.27;41947
3273;-17.37;41959
3274;-17.14;41971
3275;-16.83;41982
3276;-16.52;41994
3277;-17.50;42006
3278;-17.61;42018
3279;-17.58;42030
3280;-18.17;42042
3281;-17.98;42054
3282;-17.44;42066
3283;-17.41;42078
3284;-17.24;42090
3285;-17.67;42101
3286;-17.87;42113
3287;-18.31;42125
3288;-18.04;42137
3289;-17.37;42149
3290;-17.27;42161
3291;-17.65;42173
3292;-17.72;42185
3293;-17.82;42197
3294;-17.56;42209
3295;-17.34;42220
3296;-17.22;42232
3297;-17.59;42244
3298;-17.86;42256
3299;-18.08;42268
3300;-17.17;42280
3301;-16.83;42292
3302;-17.80;42304
3303;-17.46;42316
3304;-16.80;42328
3305;-16.98;42339
3306;-17.53;42351
3307;-17.75;42363
3308;-18.49;42375
3309;-18.08;42387
3310;-17.57;42399
3311;-17.47;42411
3312;-17.19;42423
3313;-17.47;42435
3314;-18.12;42447
3315;-17.84;42459
3316;-17.52;42470
3317;-17.69;42482
3318;-17.87;42494
3319;-18.24;42506
3320;-17.92;42518
3321;-17.69;42530
3322;-17.53;42542
3323;-17.46;42554
3324;-17.22;42566
3325;-17.50;42578
3326;-17.33;42589
3327;-16.78;42601
3328;-17.52;42613
3329;-18.44;42625
3330;-18.46;42637
3331;-18.24;42649
3332;-17.73;42661
3333;-16.66;42673
3334;-16.67;42685
3335;-16.66;42697
3336;-17.35;42708
3337;-17.59;42720
3338;-17.43;42732
3339;-17.72;42744
3340;-17.40;42756
3341;-17.43;42768
3342;-17.72;42780
3343;-17.28;42792
3344;-16.98;42804
3345;-17.57;42816
3346;-17.68;42827
3347;-17.66;42839
3348;-17.90;42851
3349;-17.80;42863
3350;-17.64;42875
3351;-16.54;42887
3352;-17.42;42899
3353;-17.64;42911
3354;-17.51;42923
3355;-17.92;42935
3356;-18.10;42946
3357;-18.08;42958
3358;-17.49;42970
3359;-17.37;42982
3360;-17.65;42994
3361;-17.75;43006
3362;-17.64;43018
3363;-18.19;43030
3364;-17.99;43042
3365;-17.70;43054
3366;-17.61;43065
3367;-17.59;43077
3368;-17.65;43089
3369;-17.49;43101
3370;-17.12;43113
3371;-17.24;43125
3372;-17.24;43137
3373;-17.50;43149
3374;-17.87;43161
3375;-17.82;43173
3376;-17.93;43184
3377;-17.36;43196
3378;-17.13;43208
3379;-17.37;43220
3380;-17.56;43232
3381;-17.57;43244
3382;-17.15;43256
3383;-17.38;43268
3384;-17.99;43280
3385;-18.41;43292
3386;-17.72;43304
3387;-17.19;43315
3388;-17.00;43327
3389;-17.92;43339
3390;-17.95;43351
3391;-17.38;43363
3392;-17.34;43375
3393;-17.55;43387
3394;-17.93;43399
3395;-17.43;43411
3396;-17.16;43423
3397;-17.17;43434
3398;-17.58;43446
3399;-18.04;43458
3400;-17.65;43470
3401;-16.75;43482
3402;-17.47;43494
3403;-17.71;43506
3404;-17.67;43518
3405;-17.61;43530
3406;-17.99;43542
3407;-17.71;43553
3408;-16.79;43565
3409;-17.11;43577
3410;-17.90;43589
3411;-18.21;43601
3412;-17.28;43613
3413;-16.66;43625
3414;-17.87;43637
3415;-18.02;43649
3416;-17.41;43661
3417;-17.40;43672
3418;-18.01;43684
3419;-17.57;43696
3420;-17.25;43708
3421;-16.84;43720
3422;-16.83;43732
3423;-16.88;43744
3424;-17.07;43756
3425;-17.74;43768
3426;-17.82;43780
3427;-17.41;43791
3428;-17.72;43803
3429;-17.67;43815
3430;-17.44;43827
3431;-17.35;43839
3432;-18.01;43851
3433;-18.25;43863
3434;-17.96;43875
3435;-18.34;43887
3436;-18.13;43899
3437;-17.28;43910
3438;-16.76;43922
3439;-17.33;43934
3440;-17.28;43946
3441;-17.28;43958
3442;-17.04;43970
3443;-17.53;43982
3444;-17.54;43994
3445;-17.57;44006
3446;-17.22;44018
3447;-17.03;44029
3448;-17.48;44041
3449;-17.85;44053
3450;-17.79;44065
3451;-17.49;44077
3452;-16.94;44089
3453;-17.41;44101
3454;-17.84;44113
3455;-17.49;44125
3456;-17.47;44137
3457;-17.70;44148
3458;-17.31;44160
3459;-17.60;44172
3460;-17.53;44184
3461;-17.53;44196
3462;-17.78;44208
3463;-17.08;44220
3464;-17.12;44232
3465;-17.48;44244
3466;-17.65;44256
3467;-17.54;44268
3468;-17.50;44279
3469;-17.43;44291
3470;-17.66;44303
3471;-17.68;44315
3472;-17.66;44327
3473;-17.46;44339
3474;-17.53;44351
3475;-18.01;44363
3476;-17.52;44375
3477;-17.30;44387
3478;-17.38;44398
3479;-17.34;44410
3480;-17.38;44422
3481;-17.67;44434
3482;-17.47;44446
3483;-17.74;44458
3484;-17.83;44470
3485;-17.69;44482
3486;-17.67;44494
3487;-17.82;44506
3488;-17.28;44517
3489;-17.05;44529
3490;-16.48;44541
3491;-17.09;44553
3492;-17.99;44565
3493;-17.70;44577
3494;-17.30;44589
3495;-17.50;44601
3496;-17.72;44613
3497;-18.33;44625
3498;-18.47;44636
3499;-17.76;44648
3500;-17.76;44660
3501;-17.75;44672
3502;-18.02;44684
3503;-17.53;44696
3504;-17.69;44708
3505;-17.70;44720
3506;-17.89;44732
3507;-17.51;44744
3508;-17.40;44755
3509;-17.76;44767
3510;-18.20;44779
3511;-17.73;44791
3512;-16.98;44803
3513;-18.21;44815
3514;-18.02;44827
3515;-17.73;44839
3516;-17.58;44851
3517;-18.08;44863
3518;-18.34;44875
3519;-18.60;44886
3520;-18.30;44898
3521;-17.59;44910
3522;-17.68;44922
3523;-17.26;44934
3524;-16.65;44946
3525;-16.63;44958
3526;-17.04;44970
3527;-17.08;44982
3528;-17.28;44994
3529;-17.78;45005
3530;-17.69;45017
3531;-17.31;45029
3532;-17.42;45041
3533;-16.95;45053
3534;-17.22;45065
3535;-18.12;45077
3536;-17.80;45089
3537;-17.02;45101
3538;-16.40;45113
3539;-15.29;45124
3540;-16.53;45136
3541;-18.11;45148
3542;-17.82;45160
3543;-17.21;45172
3544;-17.20;45184
3545;-17.69;45196
3546;-17.14;45208
3547;-17.19;45220
3548;-17.69;45232
3549;-17.35;45243
3550;-16.53;45255
3551;-16.66;45267
3552;-18.12;45279
3553;-18.25;45291
3554;-18.00;45303
3555;-17.53;45315
3556;-17.71;45327
3557;-18.14;45339
3558;-17.73;45351
3559;-17.13;45362
3560;-17.50;45374
3561;-17.78;45386
3562;-17.68;45398
3563;-17.19;45410
3564;-17.39;45422
3565;-17.44;45434
3566;-18.09;45446
3567;-17.78;45458
3568;-17.51;45470
3569;-18.01;45481
3570;-17.96;45493
3571;-17.21;45505
3572;-16.83;45517
3573;-17.02;45529
3574;-18.12;45541
3575;-18.45;45553
3576;-17.88;45565
3577;-17.06;45577
3578;-17.41;45589
3579;-17.63;45600
3580;-17.53;45612
3581;-17.77;45624
3582;-17.52;45636
3583;-17.60;45648
3584;-17.45;45660
3585;-16.94;45672
3586;-17.31;45684
3587;-18.57;45696
3588;-18.07;45708
3589;-17.19;45719
3590;-17.71;45731
3591;-17.88;45743
3592;-17.80;45755
3593;-17.57;45767
3594;-16.72;45779
3595;-17.39;45791
3596;-17.84;45803
3597;-17.61;45815
3598;-17.66;45827
3599;-17.54;45839
3600;-18.14;45850
3601;-17.59;45862
3602;-17.54;45874
3603;-18.07;45886
3604;-17.83;45898
3605;-18.03;45910
3606;-18.21;45922
3607;-17.87;45934
3608;-17.98;45946
3609;-17.79;45958
3610;-17.12;45969
3611;-16.59;45981
3612;-17.55;45993
3613;-17.53;46005
3614;-17.23;46017
3615;-17.32;46029
3616;-17.59;46041
3617;-17.44;46053
3618;-17.42;46065
3619;-16.83;46077
3620;-17.17;46088
3621;-17.69;46100
3622;-17.33;46112
3623;-17.32;46124
3624;-17.69;46136
3625;-17.79;46148
3626;-17.65;46160
3627;-17.56;46172
3628;-17.37;46184
3629;-17.51;46196
3630;-16.83;46207
3631;-17.42;46219
3632;-17.80;46231
3633;-17.91;46243
3634;-17.50;46255
3635;-17.36;46267
3636;-16.66;46279
3637;-17.09;46291
3638;-17.52;46303
3639;-17.09;46315
3640;-17.10;46327
3641;-17.95;46338
3642;-17.75;46350
3643;-17.60;46362
3644;-17.85;46374
3645;-17.15;46386
3646;-17.62;46398
3647;-17.69;46410
3648;-17.21;46422
3649;-17.55;46434
3650;-17.57;46446
3651;-17.91;46457
3652;-17.52;46469
3653;-16.83;46481
3654;-16.88;46493
3655;-17.29;46505
3656;-17.57;46517
3657;-17.89;46529
3658;-17.80;46541
3659;-17.72;46553
3660;-17.82;46565
3661;-17.59;46576
3662;-17.19;46588
3663;-17.11;46600
3664;-17.54;46612
3665;-17.35;46624
3666;-17.37;46636
3667;-17.54;46648
3668;-17.55;46660
3669;-17.16;46672
3670;-17.47;46684
3671;-16.93;46695
3672;-17.45;46707
3673;-18.05;46719
3674;-18.26;46731
3675;-18.33;46743
3676;-17.65;46755
3677;-17.50;46767
3678;-17.81;46779
3679;-17.16;46791
3680;-16.88;46803
3681;-17.39;46814
3682;-17.47;46826
3683;-17.51;46838
3684;-17.19;46850
3685;-16.85;46862
3686;-17.59;46874
3687;-17.91;46886
3688;-17.54;46898
3689;-17.69;46910
3690;-17.85;46922
3691;-18.20;46934
3692;-17.88;46945
3693;-17.31;46957
3694;-17.76;46969
3695;-17.63;46981
3696;-17.07;46993
3697;-16.65;47005
3698;-17.16;47017
3699;-17.41;47029
3700;-17.33;47041
3701;-17.69;47053
3702;-17.90;47064
3703;-17.54;47076
3704;-17.85;47088
3705;-17.58;47100
3706;-17.08;47112
3707;-17.09;47124
3708;-17.48;47136
3709;-17.44;47148
3710;-17.24;47160
3711;-17.41;47172
3712;-17.56;47183
3713;-17.80;47195
3714;-17.78;47207
3715;-18.01;47219
3716;-18.18;47231
3717;-18.01;47243
3718;-17.63;47255
3719;-17.30;47267
3720;-17.06;47279
3721;-17.12;47291
3722;-17.12;47302
3723;-17.21;47314
3724;-17.95;47326
3725;-18.15;47338
3726;-17.82;47350
3727;-17.13;47362
3728;-17.61;47374
3729;-17.93;47386
3730;-18.03;47398
3731;-16.91;47410
3732;-17.21;47421
3733;-17.72;47433
3734;-17.85;47445
3735;-17.54;47457
3736;-16.96;47469
3737;-17.24;47481
3738;-17.71;47493
3739;-17.27;47505
3740;-17.27;47517
3741;-18.24;47529
3742;-18.29;47541
3743;-17.56;47552
3744;-16.96;47564
3745;-17.15;47576
3746;-17.46;47588
3747;-17.53;47600
3748;-17.01;47612
3749;-17.27;47624
3750;-17.45;47636
3751;-17.53;47648
3752;-17.88;47660
3753;-17.80;47671
3754;-17.25;47683
3755;-17.47;47695
3756;-18.02;47707
3757;-17.25;47719
3758;-16.92;47731
3759;-16.81;47743
3760;-17.32;47755
3761;-17.21;47767
3762;-17.36;47779
3763;-17.41;47790
3764;-17.73;47802
3765;-17.12;47814
3766;-16.51;47826
3767;-16.81;47838
3768;-17.06;47850
3769;-17.15;47862
3770;-17.86;47874
3771;-17.90;47886
3772;-17.85;47898
3773;-18.06;47909
3774;-16.92;47921
3775;-16.69;47933
3776;-17.64;47945
3777;-17.69;47957
3778;-17.69;47969
3779;-17.66;47981
3780;-17.33;47993
3781;-17.93;48005
3782;-17.58;48017
3783;-17.24;48028
3784;-17.56;48040
3785;-17.94;48052
3786;-18.14;48064
3787;-17.71;48076
3788;-17.28;48088
3789;-17.90;48100
3790;-17.75;48112
3791;-16.70;48124
3792;-17.00;48136
3793;-17.02;48147
3794;-16.97;48159
3795;-17.09;48171
3796;-17.78;48183
3797;-17.96;48195
3798;-17.93;48207
3799;-17.83;48219
3800;-17.07;48231
3801;-17.38;48243
3802;-17.52;48255
3803;-17.35;48266
3804;-17.48;48278
3805;-17.51;48290
3806;-17.27;48302
3807;-17.25;48314
3808;-17.41;48326
3809;-17.07;48338
3810;-17.35;48350
3811;-17.41;48362
3812;-17.31;48374
3813;-17.33;48385
3814;-17.52;48397
3815;-17.88;48409
3816;-17.60;48421
3817;-17.61;48433
3818;-18.08;48445
3819;-17.05;48457
3820;-16.95;48469
3821;-16.96;48481
3822;-17.30;48493
3823;-17.40;48505
3824;-17.99;48516
3825;-17.66;48528
3826;-17.47;48540
3827;-17.71;48552
3828;-17.86;48564
3829;-17.62;48576
3830;-17.44;48588
3831;-17.75;48600
3832;-17.18;48612
3833;-17.70;48624
3834;-17.82;48635
3835;-17.73;48647
3836;-17.33;48659
3837;-17.25;48671
3838;-17.53;48683
3839;-17.83;48695
3840;-17.46;48707
3841;-17.36;48719
3842;-17.48;48731
3843;-16.85;48743
3844;-16.76;48754
3845;-17.18;48766
3846;-17.14;48778
3847;-17.57;48790
3848;-18.23;48802
3849;-18.12;48814
3850;-17.38;48826
3851;-17.18;48838
3852;-17.24;48850
3853;-17.43;48862
3854;-17.09;48873
3855;-17.05;48885
3856;-17.76;48897
3857;-17.80;48909
3858;-17.86;48921
3859;-17.73;48933
3860;-17.19;48945
3861;-17.55;48957
3862;-17.53;48969
3863;-17.34;48981
3864;-17.83;48992
3865;-17.82;49004
3866;-17.54;49016
3867;-18.12;49028
3868;-18.01;49040
3869;-17.07;49052
3870;-16.99;49064
3871;-17.29;49076
3872;-17.85;49088
3873;-17.97;49100
3874;-17.63;49111
3875;-17.50;49123
3876;-16.58;49135
3877;-16.57;49147
3878;-16.25;49159
3879;-16.20;49171
3880;-16.97;49183
3881;-17.38;49195
3882;-17.31;49207
3883;-17.95;49219
3884;-17.82;49231
3885;-17.48;49242
3886;-16.93;49254
3887;-17.65;49266
3888;-17.45;49278
3889;-17.79;49290
3890;-18.49;49302
3891;-18.27;49314
3892;-17.54;49326
3893;-17.01;49338
3894;-16.84;49350
3895;-17.61;49361
3896;-18.00;49373
3897;-17.72;49385
3898;-17.62;49397
3899;-17.11;49409
3900;-17.28;49421
3901;-17.61;49433
3902;-17.47;49445
3903;-17.30;49457
3904;-17.07;49469
3905;-16.99;49480
3906;-17.83;49492
3907;-18.17;49504
3908;-17.76;49516
3909;-17.21;49528
3910;-17.34;49540
3911;-17.42;49552
3912;-17.64;49564
3913;-17.73;49576
3914;-17.80;49588
3915;-17.50;49599
3916;-17.65;49611
3917;-17.02;49623
3918;-16.44;49635
3919;-16.86;49647
3920;-16.61;49659
3921;-17.33;49671
3922;-17.65;49683
3923;-17.55;49695
3924;-17.62;49707
3925;-17.53;49718
3926;-17.57;49730
3927;-17.25;49742
3928;-17.69;49754
3929;-17.23;49766
3930;-17.37;49778
3931;-17.73;49790
3932;-17.45;49802
3933;-16.87;49814
3934;-17.15;49826
3935;-17.86;49837
3936;-17.16;49849
3937;-16.41;49861
3938;-16.26;49873
3939;-17.05;49885
3940;-17.71;49897
3941;-17.59;49909
3942;-16.83;49921
3943;-16.86;49933
3944;-17.51;49945
3945;-17.60;49956
3946;-17.45;49968
3947;-17.88;49980
3948;-17.51;49992
3949;-17.53;50004
3950;-17.41;50016
3951;-17.60;50028
3952;-17.28;50040
3953;-17.15;50052
3954;-17.36;50064
3955;-17.30;50075
3956;-17.35;50087
3957;-16.95;50099
3958;-16.80;50111
3959;-16.46;50123
3960;-17.43;50135
3961;-17.80;50147
3962;-17.75;50159
3963;-17.19;50171
3964;-16.90;50183
3965;-17.75;50195
3966;-17.91;50206
3967;-17.51;50218
3968;-17.41;50230
3969;-17.80;50242
3970;-17.50;50254
3971;-17.54;50266
3972;-17.06;50278
3973;-17.33;50290
3974;-17.39;50302
3975;-17.50;50314
3976;-17.20;50325
3977;-16.95;50337
3978;-17.22;50349
3979;-17.30;50361
3980;-16.98;50373
3981;-16.35;50385
3982;-17.29;50397
3983;-17.12;50409
3984;-16.40;50421
3985;-16.95;50433
3986;-16.87;50444
3987;-17.11;50456
3988;-17.15;50468
3989;-16.45;50480
3990;-17.38;50492
3991;-17.99;50504
3992;-18.03;50516
3993;-17.36;50528
3994;-17.04;50540
3995;-17.01;50552
3996;-17.30;50563
3997;-16.83;50575
3998;-16.53;50587
3999;-17.12;50599
4000;-17.14;50611
4001;-17.49;50623
4002;-17.52;50635
4003;-17.50;50647
4004;-18.21;50659
4005;-17.57;50671
4006;-17.38;50682
4007;-17.15;50694
4008;-16.82;50706
4009;-16.30;50718
4010;-15.97;50730
4011;-15.85;50742
4012;-14.68;50754
4013;-14.41;50766
4014;-17.26;50778
4015;-17.03;50790
4016;-17.37;50801
4017;-17.80;50813
4018;-17.79;50825
4019;-17.50;50837
4020;-17.46;50849
4021;-17.17;50861
4022;-17.60;50873
4023;-17.03;50885
4024;-17.17;50897
4025;-17.65;50909
4026;-17.52;50920
4027;-17.71;50932
4028;-17.70;50944
4029;-17.53;50956
4030;-17.77;50968
4031;-18.15;50980
4032;-17.30;50992
4033;-17.02;51004
4034;-17.13;51016
4035;-17.13;51028
4036;-17.76;51039
4037;-17.83;51051
4038;-17.48;51063
4039;-16.93;51075
4040;-16.99;51087
4041;-16.53;51099
4042;-17.40;51111
4043;-17.17;51123
4044;-17.24;51135
4045;-17.08;51147
4046;-17.31;51159
4047;-17.41;51170
4048;-17.90;51182
4049;-17.30;51194
4050;-16.89;51206
4051;-17.23;51218
4052;-16.85;51230
4053;-17.14;51242
4054;-17.36;51254
4055;-17.35;51266
4056;-17.56;51278
4057;-17.84;51289
4058;-17.42;51301
4059;-17.30;51313
4060;-16.85;51325
4061;-16.79;51337
4062;-17.05;51349
4063;-17.43;51361
4064;-17.83;51373
4065;-17.21;51385
4066;-17.11;51397
4067;-17.26;51408
4068;-17.00;51420
4069;-16.81;51432
4070;-17.12;51444
4071;-17.37;51456
4072;-17.74;51468
4073;-17.42;51480
4074;-16.83;51492
4075;-16.03;51504
4076;-17.05;51516
4077;-17.46;51527
4078;-17.65;51539
4079;-17.23;51551
4080;-17.14;51563
4081;-17.12;51575
4082;-17.47;51587
4083;-17.44;51599
4084;-16.89;51611
4085;-16.38;51623
4086;-16.84;51635
4087;-17.27;51646
4088;-16.99;51658
4089;-16.84;51670
4090;-17.11;51682
4091;-17.49;51694
4092;-17.38;51706
4093;-17.78;51718
4094;-17.47;51730
4095;-16.78;51742
4096;-17.18;51754
4097;-17.32;51765
4098;-17.17;51777
4099;-17.85;51789
4100;-17.74;51801
4101;-17.35;51813
4102;-17.40;51825
4103;-17.99;51837
4104;-17.90;51849
4105;-17.23;51861
4106;-17.31;51873
4107;-17.63;51884
4108;-17.50;51896
4109;-16.57;51908
4110;-17.01;51920
4111;-17.18;51932
4112;-17.30;51944
4113;-17.48;51956
4114;-16.95;51968
4115;-16.85;51980
4116;-17.09;51992
4117;-16.89;52004
4118;-16.76;52015
4119;-17.28;52027
4120;-16.78;52039
4121;-17.18;52051
4122;-16.92;52063
4123;-17.76;52075
4124;-17.68;52087
4125;-17.17;52099
4126;-16.97;52111
4127;-16.83;52123
4128;-17.80;52134
4129;-17.64;52146
4130;-17.00;52158
4131;-17.07;52170
4132;-17.04;52182
4133;-17.62;52194
4134;-17.78;52206
4135;-17.05;52218
4136;-16.83;52230
4137;-17.86;52242
4138;-17.90;52253
4139;-17.46;52265
4140;-17.33;52277
4141;-17.29;52289
4142;-17.73;52301
4143;-17.79;52313
4144;-16.77;52325
4145;-16.96;52337
4146;-17.33;52349
4147;-16.82;52361
4148;-17.37;52372
4149;-17.30;52384
4150;-17.16;52396
4151;-17.24;52408
4152;-17.78;52420
4153;-17.54;52432
4154;-17.74;52444
4155;-17.29;52456
4156;-16.80;52468
4157;-16.86;52480
4158;-17.47;52491
4159;-17.79;52503
4160;-18.21;52515
4161;-17.37;52527
4162;-16.52;52539
4163;-16.97;52551
4164;-17.85;52563
4165;-17.59;52575
4166;-17.27;52587
4167;-17.77;52599
4168;-17.98;52610
4169;-17.59;52622
4170;-16.64;52634
4171;-17.01;52646
4172;-16.98;52658
4173;-16.94;52670
4174;-17.49;52682
4175;-17.86;52694
4176;-18.12;52706
4177;-17.82;52718
4178;-16.96;52730
4179;-16.92;52741
4180;-17.65;52753
4181;-17.46;52765
4182;-17.79;52777
4183;-17.85;52789
4184;-17.73;52801
4185;-18.15;52813
4186;-17.51;52825
4187;-17.63;52837
4188;-17.96;52849
4189;-17.72;52860
4190;-17.54;52872
4191;-17.58;52884
4192;-17.42;52896
4193;-16.90;52908
4194;-17.35;52920
4195;-17.64;52932
4196;-17.78;52944
4197;-18.39;52956
4198;-17.70;52968
4199;-16.90;52979
4200;-16.83;52991
4201;-18.05;53003
4202;-17.58;53015
4203;-17.22;53027
4204;-17.11;53039
4205;-17.22;53051
4206;-18.14;53063
4207;-17.57;53075
4208;-17.88;53087
4209;-17.89;53098
4210;-17.60;53110
4211;-17.49;53122
4212;-17.65;53134
4213;-17.61;53146
4214;-17.22;53158
4215;-17.40;53170
4216;-17.32;53182
4217;-17.21;53194
4218;-17.30;53206
4219;-17.12;53217
4220;-17.35;53229
4221;-17.67;53241
4222;-17.54;53253
4223;-17.91;53265
4224;-17.43;53277
4225;-16.78;53289
4226;-17.43;53301
4227;-17.59;53313
4228;-17.14;53325
4229;-17.29;53336
4230;-17.34;53348
4231;-17.27;53360
4232;-17.25;53372
4233;-17.69;53384
4234;-17.98;53396
4235;-17.59;53408
4236;-17.42;53420
4237;-18.12;53432
4238;-17.52;53444
4239;-17.19;53456
4240;-16.91;53467
4241;-16.95;53479
4242;-17.09;53491
4243;-17.60;53503
4244;-17.30;53515
4245;-17.10;53527
4246;-17.27;53539
4247;-16.78;53551
4248;-17.53;53563
4249;-17.96;53575
4250;-17.42;53586
4251;-17.30;53598
4252;-17.41;53610
4253;-17.59;53622
4254;-17.16;53634
4255;-17.10;53646
4256;-17.08;53658
4257;-17.64;53670
4258;-18.00;53682
4259;-17.79;53694
4260;-17.24;53705
4261;-17.62;53717
4262;-17.42;53729
4263;-18.04;53741
4264;-16.87;53753
4265;-15.93;53765
4266;-17.00;53777
4267;-17.83;53789
4268;-17.62;53801
4269;-17.29;53813
4270;-17.35;53824
4271;-17.31;53836
4272;-17.13;53848
4273;-16.52;53860
4274;-17.10;53872
4275;-17.00;53884
4276;-17.13;53896
4277;-17.26;53908
4278;-17.43;53920
4279;-17.34;53932
4280;-17.48;53943
4281;-17.32;53955
4282;-17.01;53967
4283;-17.70;53979
4284;-17.85;53991
4285;-17.25;54003
4286;-17.17;54015
4287;-18.07;54027
4288;-18.23;54039
4289;-17.28;54051
4290;-16.76;54063
4291;-17.64;54074
4292;-17.96;54086
4293;-17.84;54098
4294;-17.36;54110
4295;-17.81;54122
4296;-17.48;54134
4297;-17.41;54146
4298;-17.70;54158
4299;-17.04;54170
4300;-17.43;54182
4301;-17.29;54193
4302;-16.89;54205
4303;-17.11;54217
4304;-17.44;54229
4305;-17.78;54241
4306;-17.41;54253
4307;-17.25;54265
4308;-17.50;54277
4309;-17.10;54289
4310;-16.92;54301
4311;-16.82;54312
4312;-17.23;54324
4313;-17.63;54336
4314;-17.24;54348
4315;-17.43;54360
4316;-17.89;54372
4317;-18.24;54384
4318;-17.64;54396
4319;-17.34;54408
4320;-17.69;54420
4321;-17.37;54431
4322;-17.18;54443
4323;-17.82;54455
4324;-18.19;54467
4325;-17.48;54479
4326;-17.69;54491
4327;-17.68;54503
4328;-17.75;54515
4329;-17.27;54527
4330;-17.67;54539
4331;-18.01;54550
4332;-17.80;54562
4333;-17.40;54574
4334;-17.44;54586
4335;-17.36;54598
4336;-17.59;54610
4337;-17.89;54622
4338;-17.74;54634
4339;-17.39;54646
4340;-17.59;54658
4341;-17.25;54669
4342;-17.06;54681
4343;-16.89;54693
4344;-17.28;54705
4345;-17.91;54717
4346;-17.63;54729
4347;-17.80;54741
4348;-18.07;54753
4349;-16.84;54765
4350;-16.58;54777
4351;-16.87;54788
4352;-17.17;54800
4353;-17.35;54812
4354;-17.03;54824
4355;-16.57;54836
4356;-16.66;54848
4357;-17.20;54860
4358;-17.32;54872
4359;-16.77;54884
4360;-16.77;54896
4361;-17.18;54907
4362;-18.04;54919
4363;-17.69;54931
4364;-18.09;54943
4365;-18.32;54955
4366;-17.54;54967
4367;-17.09;54979
4368;-16.44;54991
4369;-17.38;55003
4370;-18.46;55015
4371;-17.78;55026
4372;-17.07;55038
4373;-16.75;55050
4374;-16.97;55062
4375;-17.18;55074
4376;-16.98;55086
4377;-17.36;55098
4378;-17.88;55110
4379;-17.21;55122
4380;-17.48;55134
4381;-17.96;55146
4382;-17.59;55157
4383;-16.95;55169
4384;-17.60;55181
4385;-17.52;55193
4386;-17.79;55205
4387;-17.92;55217
4388;-17.80;55229
4389;-17.99;55241
4390;-17.48;55253
4391;-17.05;55265
4392;-17.01;55276
4393;-17.38;55288
4394;-17.26;55300
4395;-17.96;55312
4396;-18.22;55324
4397;-17.35;55336
4398;-17.14;55348
4399;-17.52;55360
4400;-17.37;55372
4401;-17.72;55384
4402;-17.34;55395
4403;-17.46;55407
4404;-17.44;55419
4405;-17.08;55431
4406;-17.13;55443
4407;-17.73;55455
4408;-17.59;55467
4409;-17.76;55479
4410;-17.72;55491
4411;-17.53;55503
4412;-18.10;55514
4413;-17.69;55526
4414;-17.86;55538
4415;-18.15;55550
4416;-17.55;55562
4417;-17.02;55574
4418;-17.25;55586
4419;-17.40;55598
4420;-17.57;55610
4421;-17.57;55622
4422;-17.10;55633
4423;-17.62;55645
4424;-17.53;55657
4425;-17.43;55669
4426;-17.50;55681
4427;-17.24;55693
4428;-16.88;55705
4429;-17.25;55717
4430;-17.35;55729
4431;-17.17;55741
4432;-17.60;55752
4433;-18.37;55764
4434;-17.67;55776
4435;-17.46;55788
4436;-17.78;55800
4437;-17.34;55812
4438;-17.77;55824
4439;-17.67;55836
4440;-16.91;55848
4441;-17.22;55860
4442;-17.70;55871
4443;-18.18;55883
4444;-18.24;55895
4445;-17.49;55907
4446;-18.24;55919
4447;-18.33;55931
4448;-18.43;55943
4449;-18.06;55955
4450;-17.79;55967
4451;-17.04;55979
4452;-17.47;55991
4453;-17.55;56002
4454;-17.18;56014
4455;-16.77;56026
4456;-17.33;56038
4457;-17.82;56050
4458;-17.74;56062
4459;-17.57;56074
4460;-17.48;56086
4461;-17.63;56098
4462;-17.70;56110
4463;-16.95;56121
4464;-17.28;56133
4465;-17.14;56145
4466;-17.34;56157
4467;-17.51;56169
4468;-17.09;56181
4469;-18.29;56193
4470;-17.88;56205
4471;-16.89;56217
4472;-17.47;56229
4473;-17.93;56240
4474;-17.71;56252
4475;-17.67;56264
4476;-17.78;56276
4477;-17.64;56288
4478;-17.26;56300
4479;-17.46;56312
4480;-17.02;56324
4481;-17.17;56336
4482;-17.15;56348
4483;-16.76;56359
4484;-15.98;56371
4485;-17.06;56383
4486;-18.25;56395
4487;-17.47;56407
4488;-17.12;56419
4489;-16.89;56431
4490;-16.81;56443
4491;-17.62;56455
4492;-18.09;56467
4493;-18.04;56478
4494;-17.39;56490
4495;-17.43;56502
4496;-17.19;56514
4497;-17.15;56526
4498;-17.40;56538
4499;-17.36;56550
4500;-17.54;56562
4501;-17.72;56574
4502;-17.64;56586
4503;-17.46;56597
4504;-17.06;56609
4505;-17.43;56621
4506;-17.69;56633
4507;-18.05;56645
4508;-17.66;56657
4509;-17.91;56669
4510;-18.38;56681
4511;-18.32;56693
4512;-18.09;56705
4513;-17.89;56716
4514;-17.04;56728
4515;-17.50;56740
4516;-17.86;56752
4517;-17.37;56764
4518;-17.41;56776
4519;-17.80;56788
4520;-17.89;56800
4521;-17.68;56812
4522;-17.35;56824
4523;-17.24;56836
4524;-17.63;56847
4525;-17.78;56859
4526;-17.66;56871
4527;-17.18;56883
4528;-17.53;56895
4529;-17.30;56907
4530;-17.09;56919
4531;-17.24;56931
4532;-17.15;56943
4533;-17.39;56955
4534;-17.46;56966
4535;-17.75;56978
4536;-17.56;56990
4537;-17.59;57002
4538;-17.22;57014
4539;-16.88;57026
4540;-17.05;57038
4541;-17.51;57050
4542;-17.67;57062
4543;-17.69;57074
4544;-17.80;57085
4545;-17.60;57097
4546;-17.63;57109
4547;-17.78;57121
4548;-17.12;57133
4549;-17.41;57145
4550;-17.47;57157
4551;-17.68;57169
4552;-17.78;57181
4553;-17.21;57193
4554;-17.28;57204
4555;-17.64;57216
4556;-17.59;57228
4557;-17.54;57240
4558;-17.11;57252
4559;-17.56;57264
4560;-17.66;57276
4561;-17.46;57288
4562;-17.54;57300
4563;-17.62;57312
4564;-17.42;57323
4565;-17.15;57335
4566;-17.01;57347
4567;-18.10;57359
4568;-17.83;57371
4569;-17.57;57383
4570;-17.61;57395
4571;-17.59;57407
4572;-17.59;57419
4573;-17.30;57431
4574;-16.75;57442
4575;-16.98;57454
4576;-17.47;57466
4577;-18.18;57478
4578;-18.04;57490
4579;-17.83;57502
4580;-18.40;57514
4581;-18.11;57526
4582;-17.52;57538
4583;-16.92;57550
4584;-17.64;57561
4585;-17.57;57573
4586;-17.22;57585
4587;-17.33;57597
4588;-17.49;57609
4589;-17.57;57621
4590;-17.27;57633
4591;-16.70;57645
4592;-16.96;57657
4593;-17.67;57669
4594;-17.64;57680
4595;-17.86;57692
4596;-17.09;57704
4597;-17.21;57716
4598;-17.94;57728
4599;-17.78;57740
4600;-16.47;57752
4601;-16.54;57764
4602;-17.37;57776
4603;-17.62;57788
4604;-17.27;57799
4605;-17.96;57811
4606;-18.25;57823
4607;-17.91;57835
4608;-17.27;57847
4609;-17.01;57859
4610;-17.69;57871
4611;-17.83;57883
4612;-17.91;57895
4613;-17.40;57907
4614;-17.56;57918
4615;-18.36;57930
4616;-17.95;57942
4617;-17.63;57954
4618;-18.34;57966
4619;-17.70;57978
4620;-17.53;57990
4621;-17.79;58002
4622;-17.79;58014
4623;-17.90;58026
4624;-17.63;58037
4625;-17.72;58049
4626;-17.38;58061
4627;-17.25;58073
4628;-17.88;58085
4629;-17.99;58097
4630;-17.83;58109
4631;-17.82;58121
4632;-17.77;58133
4633;-17.02;58145
4634;-17.28;58157
4635;-17.21;58168
4636;-17.76;58180
4637;-17.53;58192
4638;-17.77;58204
4639;-18.01;58216
4640;-18.47;58228
4641;-18.20;58240
4642;-17.57;58252
4643;-17.43;58264
4644;-17.58;58276
4645;-18.09;58287
4646;-18.28;58299
4647;-17.82;58311
4648;-17.31;58323
4649;-17.07;58335
4650;-17.55;58347
4651;-17.02;58359
4652;-16.78;58371
4653;-17.55;58383
4654;-17.57;58395
4655;-18.09;58406
4656;-18.66;58418
4657;-18.57;58430
4658;-17.51;58442
4659;-17.16;58454
4660;-16.84;58466
4661;-16.56;58478
4662;-17.22;58490
4663;-17.34;58502
4664;-17.27;58514
4665;-17.33;58525
4666;-17.21;58537
4667;-16.89;58549
4668;-17.54;58561
4669;-17.30;58573
4670;-17.70;58585
4671;-17.54;58597
4672;-17.04;58609
4673;-17.07;58621
4674;-17.24;58633
4675;-17.32;58644
4676;-17.35;58656
4677;-16.84;58668
4678;-16.80;58680
4679;-16.91;58692
4680;-16.95;58704
4681;-17.49;58716
4682;-18.02;58728
4683;-17.69;58740
4684;-17.37;58752
4685;-16.71;58763
4686;-16.73;58775
4687;-17.79;58787
4688;-17.98;58799
4689;-18.39;58811
4690;-17.67;58823
4691;-17.56;58835
4692;-18.28;58847
4693;-18.35;58859
4694;-17.29;58871
4695;-16.21;58882
4696;-16.75;58894
4697;-16.94;58906
4698;-17.83;58918
4699;-17.41;58930
4700;-18.06;58942
4701;-18.28;58954
4702;-17.60;58966
4703;-17.00;58978
4704;-17.51;58990
4705;-17.96;59002
4706;-17.63;59013
4707;-17.43;59025
4708;-17.33;59037
4709;-16.88;59049
4710;-17.59;59061
4711;-17.84;59073
4712;-17.90;59085
4713;-17.78;59097
4714;-17.93;59109
4715;-17.76;59121
4716;-16.94;59132
4717;-17.56;59144
4718;-17.79;59156
4719;-17.79;59168
4720;-17.51;59180
4721;-16.70;59192
4722;-17.22;59204
4723;-17.46;59216
4724;-17.13;59228
4725;-16.87;59240
4726;-17.68;59251
4727;-17.80;59263
4728;-17.42;59275
4729;-16.90;59287
4730;-17.37;59299
4731;-17.52;59311
4732;-17.75;59323
4733;-17.99;59335
4734;-17.31;59347
4735;-17.76;59359
4736;-18.03;59370
4737;-17.67;59382
4738;-17.21;59394
4739;-17.32;59406
4740;-17.22;59418
4741;-16.88;59430
4742;-16.86;59442
4743;-16.86;59454
4744;-17.42;59466
4745;-17.48;59478
4746;-17.48;59489
4747;-17.46;59501
4748;-17.61;59513
4749;-18.17;59525
4750;-17.72;59537
4751;-17.94;59549
4752;-17.61;59561
4753;-17.62;59573
4754;-17.72;59585
4755;-17.63;59597
4756;-17.49;59608
4757;-17.35;59620
4758;-17.69;59632
4759;-17.88;59644
4760;-17.93;59656
4761;-17.36;59668
4762;-17.65;59680
4763;-17.52;59692
4764;-17.11;59704
4765;-18.02;59716
4766;-17.61;59727
4767;-18.60;59739
4768;-18.46;59751
4769;-17.61;59763
4770;-17.86;59775
4771;-18.34;59787
4772;-18.26;59799
4773;-18.38;59811
4774;-18.03;59823
4775;-17.44;59835
4776;-17.89;59847
4777;-17.52;59858
4778;-17.14;59870
4779;-17.63;59882
4780;-17.48;59894
4781;-17.28;59906
4782;-17.62;59918
4783;-17.78;59930
4784;-18.35;59942
4785;-17.48;59954
4786;-17.77;59966
4787;-17.78;59977
4788;-16.93;59989
4789;-16.53;60001
4790;-16.93;60013
4791;-17.64;60025
4792;-17.75;60037
4793;-16.95;60049
4794;-17.09;60061
4795;-17.48;60073
4796;-17.75;60085
4797;-17.47;60096
4798;-17.43;60108
4799;-17.56;60120
4800;-17.15;60132
4801;-16.99;60144
4802;-16.84;60156
4803;-16.62;60168
4804;-17.03;60180
4805;-16.87;60192
4806;-16.69;60204
4807;-16.58;60215
4808;-16.64;60227
4809;-17.39;60239
4810;-18.04;60251
4811;-17.78;60263
4812;-17.71;60275
4813;-17.61;60287
4814;-17.20;60299
4815;-17.02;60311
4816;-17.69;60323
4817;-18.19;60334
4818;-18.02;60346
4819;-18.09;60358
4820;-17.75;60370
4821;-17.12;60382
4822;-17.62;60394
4823;-17.44;60406
4824;-16.92;60418
4825;-17.36;60430
4826;-17.67;60442
4827;-17.34;60453
4828;-17.28;60465
4829;-17.12;60477
4830;-17.12;60489
4831;-17.61;60501
4832;-17.58;60513
4833;-17.10;60525
4834;-16.91;60537
4835;-17.13;60549
4836;-17.35;60561
4837;-17.24;60572
4838;-17.17;60584
4839;-17.43;60596
4840;-16.99;60608
4841;-16.70;60620
4842;-17.58;60632
4843;-17.66;60644
4844;-17.79;60656
4845;-17.99;60668
4846;-17.73;60680
4847;-16.83;60692
4848;-17.31;60703
4849;-17.12;60715
4850;-16.69;60727
4851;-16.94;60739
4852;-16.76;60751
4853;-17.40;60763
4854;-17.50;60775
4855;-17.82;60787
4856;-18.50;60799
4857;-18.16;60811
4858;-16.91;60822
4859;-17.46;60834
4860;-17.89;60846
4861;-17.29;60858
4862;-17.48;60870
4863;-17.51;60882
4864;-17.43;60894
4865;-17.67;60906
4866;-17.65;60918
4867;-17.49;60930
4868;-17.67;60941
4869;-17.51;60953
4870;-17.26;60965
4871;-17.34;60977
4872;-18.02;60989
4873;-17.18;61001
4874;-16.97;61013
4875;-17.06;61025
4876;-17.11;61037
4877;-17.27;61049
4878;-16.67;61060
4879;-16.84;61072
4880;-17.50;61084
4881;-18.03;61096
4882;-17.66;61108
4883;-17.40;61120
4884;-16.68;61132
4885;-17.62;61144
4886;-17.50;61156
4887;-17.08;61168
4888;-17.43;61179
4889;-18.10;61191
4890;-17.86;61203
4891;-17.47;61215
4892;-17.14;61227
4893;-16.71;61239
4894;-17.72;61251
4895;-18.23;61263
4896;-17.65;61275
4897;-17.67;61287
4898;-17.48;61298
4899;-17.22;61310
4900;-17.76;61322
4901;-17.26;61334
4902;-17.41;61346
4903;-17.20;61358
4904;-17.44;61370
4905;-17.82;61382
4906;-18.01;61394
4907;-17.71;61406
4908;-17.36;61418
4909;-17.51;61429
4910;-17.67;61441
4911;-17.58;61453
4912;-17.06;61465
4913;-17.53;61477
4914;-17.09;61489
4915;-16.65;61501
4916;-17.13;61513
4917;-17.71;61525
4918;-17.43;61537
4919;-17.03;61548
4920;-17.71;61560
4921;-18.00;61572
4922;-18.21;61584
4923;-17.79;61596
4924;-18.02;61608
4925;-17.66;61620
4926;-17.31;61632
4927;-16.55;61644
4928;-17.64;61656
4929;-17.56;61667
4930;-17.62;61679
4931;-17.96;61691
4932;-17.86;61703
4933;-17.61;61715
4934;-17.37;61727
4935;-16.82;61739
4936;-16.99;61751
4937;-17.58;61763
4938;-17.78;61775
4939;-17.55;61786
4940;-17.86;61798
4941;-17.86;61810
4942;-17.41;61822
4943;-18.21;61834
4944;-17.19;61846
4945;-16.34;61858
4946;-17.03;61870
4947;-17.24;61882
4948;-17.32;61894
4949;-17.19;61905
4950;-17.04;61917
4951;-17.61;61929
4952;-17.50;61941
4953;-17.01;61953
4954;-17.36;61965
4955;-16.22;61977
4956;-14.94;61989
4957;-15.08;62001
4958;-16.10;62013
4959;-17.60;62024
4960;-17.70;62036
4961;-17.56;62048
4962;-17.40;62060
4963;-17.66;62072
4964;-17.77;62084
4965;-17.33;62096
4966;-17.17;62108
4967;-17.40;62120
4968;-17.74;62132
4969;-17.65;62143
4970;-16.93;62155
4971;-16.98;62167
4972;-17.02;62179
4973;-17.56;62191
4974;-17.44;62203
4975;-17.37;62215
4976;-17.32;62227
4977;-17.28;62239
4978;-17.42;62251
4979;-17.39;62263
4980;-17.82;62274
4981;-17.96;62286
4982;-17.34;62298
4983;-17.49;62310
4984;-16.99;62322
4985;-17.23;62334
4986;-17.59;62346
4987;-17.41;62358
4988;-17.26;62370
4989;-17.22;62382
4990;-17.53;62393
4991;-17.60;62405
4992;-17.64;62417
4993;-17.18;62429
4994;-17.55;62441
4995;-17.37;62453
4996;-17.14;62465
4997;-17.56;62477
4998;-17.37;62489
4999;-17.43;62501